cancer_type,abundance,metric,direction,method,method_label,value,diverged
BRCA,1060,knn_purity_k10,up,MLP,MLP,0.9775252253033327,False
BRCA,1060,knn_purity_k10,up,GONNECT-enc,GONNECT-enc,0.8478806893925148,False
BRCA,1060,knn_purity_k10,up,GONNECT-dec,GONNECT-dec,0.9681887380761072,False
BRCA,1060,knn_purity_k10,up,GONNECT-both,GONNECT-both,0.8321340875510123,False
BRCA,1060,knn_purity_k10,up,GONNECT-SL-enc,GONNECT-SL-enc,0.9756429150646256,False
BRCA,1060,knn_purity_k10,up,GONNECT-SL-dec,GONNECT-SL-dec,0.9828350691547112,False
BRCA,1060,knn_purity_k10,up,GONNECT-SL-both,GONNECT-SL-both,0.981656714176356,False
BRCA,1060,knn_purity_k10,up,GONNECT-R-enc,GONNECT-DPR-enc,0.9243713666199656,False
BRCA,1060,knn_purity_k10,up,GONNECT-R-dec,GONNECT-DPR-dec,0.9662087467569102,False
BRCA,1060,knn_purity_k10,up,GONNECT-R-both,GONNECT-DPR-both,0.91505524625503,False
BRCA,1060,knn_purity_k10,up,Random,Random,0.107743911331486,False
LUAD,516,knn_purity_k10,up,MLP,MLP,0.9106018608177744,False
LUAD,516,knn_purity_k10,up,GONNECT-enc,GONNECT-enc,0.7683004848714365,False
LUAD,516,knn_purity_k10,up,GONNECT-dec,GONNECT-dec,0.8916070147075035,False
LUAD,516,knn_purity_k10,up,GONNECT-both,GONNECT-both,0.6840967388548111,False
LUAD,516,knn_purity_k10,up,GONNECT-SL-enc,GONNECT-SL-enc,0.8938795481553699,False
LUAD,516,knn_purity_k10,up,GONNECT-SL-dec,GONNECT-SL-dec,0.9259481586090887,False
LUAD,516,knn_purity_k10,up,GONNECT-SL-both,GONNECT-SL-both,0.9007416134660524,False
LUAD,516,knn_purity_k10,up,GONNECT-R-enc,GONNECT-DPR-enc,0.7051577772927269,False
LUAD,516,knn_purity_k10,up,GONNECT-R-dec,GONNECT-DPR-dec,0.8726227524560166,False
LUAD,516,knn_purity_k10,up,GONNECT-R-both,GONNECT-DPR-both,0.7055143912067008,False
LUAD,516,knn_purity_k10,up,Random,Random,0.053055271984833,False
UCEC,513,knn_purity_k10,up,MLP,MLP,0.8533435897044843,False
UCEC,513,knn_purity_k10,up,GONNECT-enc,GONNECT-enc,0.5976795428395194,False
UCEC,513,knn_purity_k10,up,GONNECT-dec,GONNECT-dec,0.7558251536549283,False
UCEC,513,knn_purity_k10,up,GONNECT-both,GONNECT-both,0.6300729062344841,False
UCEC,513,knn_purity_k10,up,GONNECT-SL-enc,GONNECT-SL-enc,0.8363022498775674,False
UCEC,513,knn_purity_k10,up,GONNECT-SL-dec,GONNECT-SL-dec,0.885220570018691,False
UCEC,513,knn_purity_k10,up,GONNECT-SL-both,GONNECT-SL-both,0.8665318722770416,False
UCEC,513,knn_purity_k10,up,GONNECT-R-enc,GONNECT-DPR-enc,0.7098796543420757,False
UCEC,513,knn_purity_k10,up,GONNECT-R-dec,GONNECT-DPR-dec,0.782400613602973,False
UCEC,513,knn_purity_k10,up,GONNECT-R-both,GONNECT-DPR-both,0.6884061455193088,False
UCEC,513,knn_purity_k10,up,Random,Random,0.0524427592241504,False
LGG,511,knn_purity_k10,up,MLP,MLP,0.9948025987006496,False
LGG,511,knn_purity_k10,up,GONNECT-enc,GONNECT-enc,0.992503748125937,False
LGG,511,knn_purity_k10,up,GONNECT-dec,GONNECT-dec,0.9948025987006496,False
LGG,511,knn_purity_k10,up,GONNECT-both,GONNECT-both,0.9894891160550436,False
LGG,511,knn_purity_k10,up,GONNECT-SL-enc,GONNECT-SL-enc,0.9945727136431785,False
LGG,511,knn_purity_k10,up,GONNECT-SL-dec,GONNECT-SL-dec,0.9945727136431785,False
LGG,511,knn_purity_k10,up,GONNECT-SL-both,GONNECT-SL-both,0.995032483758121,False
LGG,511,knn_purity_k10,up,GONNECT-R-enc,GONNECT-DPR-enc,0.990316050765826,False
LGG,511,knn_purity_k10,up,GONNECT-R-dec,GONNECT-DPR-dec,0.9948025987006496,False
LGG,511,knn_purity_k10,up,GONNECT-R-both,GONNECT-DPR-both,0.9920611628829888,False
LGG,511,knn_purity_k10,up,Random,Random,0.0519469155607408,False
KIRC,508,knn_purity_k10,up,MLP,MLP,0.924782236546418,False
KIRC,508,knn_purity_k10,up,GONNECT-enc,GONNECT-enc,0.8996061438593708,False
KIRC,508,knn_purity_k10,up,GONNECT-dec,GONNECT-dec,0.9084225516429392,False
KIRC,508,knn_purity_k10,up,GONNECT-both,GONNECT-both,0.8884162092207187,False
KIRC,508,knn_purity_k10,up,GONNECT-SL-enc,GONNECT-SL-enc,0.9211716206994368,False
KIRC,508,knn_purity_k10,up,GONNECT-SL-dec,GONNECT-SL-dec,0.923079420766585,False
KIRC,508,knn_purity_k10,up,GONNECT-SL-both,GONNECT-SL-both,0.9222745410184652,False
KIRC,508,knn_purity_k10,up,GONNECT-R-enc,GONNECT-DPR-enc,0.8777265802086373,False
KIRC,508,knn_purity_k10,up,GONNECT-R-dec,GONNECT-DPR-dec,0.9137392779738758,False
KIRC,508,knn_purity_k10,up,GONNECT-R-both,GONNECT-DPR-both,0.8835252894805421,False
KIRC,508,knn_purity_k10,up,Random,Random,0.0515385737202858,False
HNSC,498,knn_purity_k10,up,MLP,MLP,0.769414072217581,False
HNSC,498,knn_purity_k10,up,GONNECT-enc,GONNECT-enc,0.6905179987004548,False
HNSC,498,knn_purity_k10,up,GONNECT-dec,GONNECT-dec,0.7134230019493177,False
HNSC,498,knn_purity_k10,up,GONNECT-both,GONNECT-both,0.6848549893251648,False
HNSC,498,knn_purity_k10,up,GONNECT-SL-enc,GONNECT-SL-enc,0.742981843497633,False
HNSC,498,knn_purity_k10,up,GONNECT-SL-dec,GONNECT-SL-dec,0.7795009746588694,False
HNSC,498,knn_purity_k10,up,GONNECT-SL-both,GONNECT-SL-both,0.7719088833194097,False
HNSC,498,knn_purity_k10,up,GONNECT-R-enc,GONNECT-DPR-enc,0.6279413905133204,False
HNSC,498,knn_purity_k10,up,GONNECT-R-dec,GONNECT-DPR-dec,0.6916710108604847,False
HNSC,498,knn_purity_k10,up,GONNECT-R-both,GONNECT-DPR-both,0.6016527244036015,False
HNSC,498,knn_purity_k10,up,Random,Random,0.0508093918623304,False
THCA,497,knn_purity_k10,up,MLP,MLP,0.9976744186046512,False
THCA,497,knn_purity_k10,up,GONNECT-enc,GONNECT-enc,0.978206692595092,False
THCA,497,knn_purity_k10,up,GONNECT-dec,GONNECT-dec,0.9955357503972266,False
THCA,497,knn_purity_k10,up,GONNECT-both,GONNECT-both,0.974415700279478,False
THCA,497,knn_purity_k10,up,GONNECT-SL-enc,GONNECT-SL-enc,0.9970374115267948,False
THCA,497,knn_purity_k10,up,GONNECT-SL-dec,GONNECT-SL-dec,0.997906976744186,False
THCA,497,knn_purity_k10,up,GONNECT-SL-both,GONNECT-SL-both,0.9976744186046512,False
THCA,497,knn_purity_k10,up,GONNECT-R-enc,GONNECT-DPR-enc,0.9757115538154958,False
THCA,497,knn_purity_k10,up,GONNECT-R-dec,GONNECT-DPR-dec,0.9897891087678752,False
THCA,497,knn_purity_k10,up,GONNECT-R-both,GONNECT-DPR-both,0.9737349838989366,False
THCA,497,knn_purity_k10,up,Random,Random,0.051976082835059,False
PRAD,477,knn_purity_k10,up,MLP,MLP,0.9955814658395136,False
PRAD,477,knn_purity_k10,up,GONNECT-enc,GONNECT-enc,0.9813314983155748,False
PRAD,477,knn_purity_k10,up,GONNECT-dec,GONNECT-dec,0.9922777699193728,False
PRAD,477,knn_purity_k10,up,GONNECT-both,GONNECT-both,0.9879838168176924,False
PRAD,477,knn_purity_k10,up,GONNECT-SL-enc,GONNECT-SL-enc,0.9963007456503729,False
PRAD,477,knn_purity_k10,up,GONNECT-SL-dec,GONNECT-SL-dec,0.9975025764342152,False
PRAD,477,knn_purity_k10,up,GONNECT-SL-both,GONNECT-SL-both,0.9997183098591548,False
PRAD,477,knn_purity_k10,up,GONNECT-R-enc,GONNECT-DPR-enc,0.9818769979994746,False
PRAD,477,knn_purity_k10,up,GONNECT-R-dec,GONNECT-DPR-dec,0.996483015741508,False
PRAD,477,knn_purity_k10,up,GONNECT-R-both,GONNECT-DPR-both,0.9659989521057476,False
PRAD,477,knn_purity_k10,up,Random,Random,0.0480676680764182,False
LUSC,460,knn_purity_k10,up,MLP,MLP,0.7325048229053128,False
LUSC,460,knn_purity_k10,up,GONNECT-enc,GONNECT-enc,0.5616611600665489,False
LUSC,460,knn_purity_k10,up,GONNECT-dec,GONNECT-dec,0.6653026171127825,False
LUSC,460,knn_purity_k10,up,GONNECT-both,GONNECT-both,0.5022400679044892,False
LUSC,460,knn_purity_k10,up,GONNECT-SL-enc,GONNECT-SL-enc,0.7271565877836546,False
LUSC,460,knn_purity_k10,up,GONNECT-SL-dec,GONNECT-SL-dec,0.7614792381393729,False
LUSC,460,knn_purity_k10,up,GONNECT-SL-both,GONNECT-SL-both,0.7400326392353337,False
LUSC,460,knn_purity_k10,up,GONNECT-R-enc,GONNECT-DPR-enc,0.5780371283714822,False
LUSC,460,knn_purity_k10,up,GONNECT-R-dec,GONNECT-DPR-dec,0.6583740358327008,False
LUSC,460,knn_purity_k10,up,GONNECT-R-both,GONNECT-DPR-both,0.5324381431558406,False
LUSC,460,knn_purity_k10,up,Random,Random,0.0469009771036896,False
SKCM,440,knn_purity_k10,up,MLP,MLP,0.9346800893027308,False
SKCM,440,knn_purity_k10,up,GONNECT-enc,GONNECT-enc,0.879445261237714,False
SKCM,440,knn_purity_k10,up,GONNECT-dec,GONNECT-dec,0.9349266247379454,False
SKCM,440,knn_purity_k10,up,GONNECT-both,GONNECT-both,0.8592917041030248,False
SKCM,440,knn_purity_k10,up,GONNECT-SL-enc,GONNECT-SL-enc,0.9433985406626916,False
SKCM,440,knn_purity_k10,up,GONNECT-SL-dec,GONNECT-SL-dec,0.9633214898309236,False
SKCM,440,knn_purity_k10,up,GONNECT-SL-both,GONNECT-SL-both,0.9547118081080346,False
SKCM,440,knn_purity_k10,up,GONNECT-R-enc,GONNECT-DPR-enc,0.8945548476680554,False
SKCM,440,knn_purity_k10,up,GONNECT-R-dec,GONNECT-DPR-dec,0.9387253941027526,False
SKCM,440,knn_purity_k10,up,GONNECT-R-both,GONNECT-DPR-both,0.9002338751395355,False
SKCM,440,knn_purity_k10,up,Random,Random,0.044509260609596,False
COAD,433,knn_purity_k10,up,MLP,MLP,0.6970103718802972,False
COAD,433,knn_purity_k10,up,GONNECT-enc,GONNECT-enc,0.6420186962548188,False
COAD,433,knn_purity_k10,up,GONNECT-dec,GONNECT-dec,0.6758247895099594,False
COAD,433,knn_purity_k10,up,GONNECT-both,GONNECT-both,0.648318804966278,False
COAD,433,knn_purity_k10,up,GONNECT-SL-enc,GONNECT-SL-enc,0.6855818297334453,False
COAD,433,knn_purity_k10,up,GONNECT-SL-dec,GONNECT-SL-dec,0.7236565998657962,False
COAD,433,knn_purity_k10,up,GONNECT-SL-both,GONNECT-SL-both,0.6939993656447674,False
COAD,433,knn_purity_k10,up,GONNECT-R-enc,GONNECT-DPR-enc,0.6511423396684375,False
COAD,433,knn_purity_k10,up,GONNECT-R-dec,GONNECT-DPR-dec,0.6715178911305673,False
COAD,433,knn_purity_k10,up,GONNECT-R-both,GONNECT-DPR-both,0.6368419068895457,False
COAD,433,knn_purity_k10,up,Random,Random,0.0434592387341402,False
OV,403,knn_purity_k10,up,MLP,MLP,0.9245140199161423,False
OV,403,knn_purity_k10,up,GONNECT-enc,GONNECT-enc,0.7725787099430967,False
OV,403,knn_purity_k10,up,GONNECT-dec,GONNECT-dec,0.8590362945492662,False
OV,403,knn_purity_k10,up,GONNECT-both,GONNECT-both,0.7254766397124889,False
OV,403,knn_purity_k10,up,GONNECT-SL-enc,GONNECT-SL-enc,0.9146617250673854,False
OV,403,knn_purity_k10,up,GONNECT-SL-dec,GONNECT-SL-dec,0.9370576894279724,False
OV,403,knn_purity_k10,up,GONNECT-SL-both,GONNECT-SL-both,0.9411615004492362,False
OV,403,knn_purity_k10,up,GONNECT-R-enc,GONNECT-DPR-enc,0.7884654462413897,False
OV,403,knn_purity_k10,up,GONNECT-R-dec,GONNECT-DPR-dec,0.8888799603174602,False
OV,403,knn_purity_k10,up,GONNECT-R-both,GONNECT-DPR-both,0.7594626010781671,False
OV,403,knn_purity_k10,up,Random,Random,0.0407466822225463,False
STAD,397,knn_purity_k10,up,MLP,MLP,0.7444161726614864,False
STAD,397,knn_purity_k10,up,GONNECT-enc,GONNECT-enc,0.4577434644449785,False
STAD,397,knn_purity_k10,up,GONNECT-dec,GONNECT-dec,0.5917697735587064,False
STAD,397,knn_purity_k10,up,GONNECT-both,GONNECT-both,0.469177514753398,False
STAD,397,knn_purity_k10,up,GONNECT-SL-enc,GONNECT-SL-enc,0.6790498077385244,False
STAD,397,knn_purity_k10,up,GONNECT-SL-dec,GONNECT-SL-dec,0.7587958957515555,False
STAD,397,knn_purity_k10,up,GONNECT-SL-both,GONNECT-SL-both,0.7302682648401826,False
STAD,397,knn_purity_k10,up,GONNECT-R-enc,GONNECT-DPR-enc,0.4783914123207562,False
STAD,397,knn_purity_k10,up,GONNECT-R-dec,GONNECT-DPR-dec,0.5918999505994819,False
STAD,397,knn_purity_k10,up,GONNECT-R-both,GONNECT-DPR-both,0.4544041896979893,False
STAD,397,knn_purity_k10,up,Random,Random,0.041388362257547,False
BLCA,387,knn_purity_k10,up,MLP,MLP,0.7509172500802374,False
BLCA,387,knn_purity_k10,up,GONNECT-enc,GONNECT-enc,0.5310909561432517,False
BLCA,387,knn_purity_k10,up,GONNECT-dec,GONNECT-dec,0.6555327501486247,False
BLCA,387,knn_purity_k10,up,GONNECT-both,GONNECT-both,0.5330643245730136,False
BLCA,387,knn_purity_k10,up,GONNECT-SL-enc,GONNECT-SL-enc,0.6943725494296198,False
BLCA,387,knn_purity_k10,up,GONNECT-SL-dec,GONNECT-SL-dec,0.7657491356914571,False
BLCA,387,knn_purity_k10,up,GONNECT-SL-both,GONNECT-SL-both,0.7354153428673734,False
BLCA,387,knn_purity_k10,up,GONNECT-R-enc,GONNECT-DPR-enc,0.5128550450190887,False
BLCA,387,knn_purity_k10,up,GONNECT-R-dec,GONNECT-DPR-dec,0.6393125366152996,False
BLCA,387,knn_purity_k10,up,GONNECT-R-both,GONNECT-DPR-both,0.4957400488295354,False
BLCA,387,knn_purity_k10,up,Random,Random,0.0387049730202712,False
LIHC,362,knn_purity_k10,up,MLP,MLP,0.9469695563695564,False
LIHC,362,knn_purity_k10,up,GONNECT-enc,GONNECT-enc,0.95442035002035,False
LIHC,362,knn_purity_k10,up,GONNECT-dec,GONNECT-dec,0.942854782254782,False
LIHC,362,knn_purity_k10,up,GONNECT-both,GONNECT-both,0.9533544973544974,False
LIHC,362,knn_purity_k10,up,GONNECT-SL-enc,GONNECT-SL-enc,0.9528991452991452,False
LIHC,362,knn_purity_k10,up,GONNECT-SL-dec,GONNECT-SL-dec,0.9542731786731788,False
LIHC,362,knn_purity_k10,up,GONNECT-SL-both,GONNECT-SL-both,0.9539361823361824,False
LIHC,362,knn_purity_k10,up,GONNECT-R-enc,GONNECT-DPR-enc,0.9418507122507124,False
LIHC,362,knn_purity_k10,up,GONNECT-R-dec,GONNECT-DPR-dec,0.947615059015059,False
LIHC,362,knn_purity_k10,up,GONNECT-R-both,GONNECT-DPR-both,0.9479843711843712,False
LIHC,362,knn_purity_k10,up,Random,Random,0.0380632929852705,False
CESC,293,knn_purity_k10,up,MLP,MLP,0.6629725178080941,False
CESC,293,knn_purity_k10,up,GONNECT-enc,GONNECT-enc,0.4224050329078644,False
CESC,293,knn_purity_k10,up,GONNECT-dec,GONNECT-dec,0.5017044581267268,False
CESC,293,knn_purity_k10,up,GONNECT-both,GONNECT-both,0.3779730895973828,False
CESC,293,knn_purity_k10,up,GONNECT-SL-enc,GONNECT-SL-enc,0.605246500938023,False
CESC,293,knn_purity_k10,up,GONNECT-SL-dec,GONNECT-SL-dec,0.6811528304373391,False
CESC,293,knn_purity_k10,up,GONNECT-SL-both,GONNECT-SL-both,0.6492656039339433,False
CESC,293,knn_purity_k10,up,GONNECT-R-enc,GONNECT-DPR-enc,0.425769586554516,False
CESC,293,knn_purity_k10,up,GONNECT-R-dec,GONNECT-DPR-dec,0.4795759690993941,False
CESC,293,knn_purity_k10,up,GONNECT-R-both,GONNECT-DPR-both,0.3403534636543117,False
CESC,293,knn_purity_k10,up,Random,Random,0.0304214671138982,False
KIRP,282,knn_purity_k10,up,MLP,MLP,0.8768347485501847,False
KIRP,282,knn_purity_k10,up,GONNECT-enc,GONNECT-enc,0.8129050430252465,False
KIRP,282,knn_purity_k10,up,GONNECT-dec,GONNECT-dec,0.8420123378851561,False
KIRP,282,knn_purity_k10,up,GONNECT-both,GONNECT-both,0.7913908937004367,False
KIRP,282,knn_purity_k10,up,GONNECT-SL-enc,GONNECT-SL-enc,0.8804892308917287,False
KIRP,282,knn_purity_k10,up,GONNECT-SL-dec,GONNECT-SL-dec,0.8844452027655973,False
KIRP,282,knn_purity_k10,up,GONNECT-SL-both,GONNECT-SL-both,0.8972822149044231,False
KIRP,282,knn_purity_k10,up,GONNECT-R-enc,GONNECT-DPR-enc,0.8070756292643717,False
KIRP,282,knn_purity_k10,up,GONNECT-R-dec,GONNECT-DPR-dec,0.8407586244812609,False
KIRP,282,knn_purity_k10,up,GONNECT-R-both,GONNECT-DPR-both,0.7773541227077374,False
KIRP,282,knn_purity_k10,up,Random,Random,0.0289631033979874,False
SARC,250,knn_purity_k10,up,MLP,MLP,0.8746191292839718,False
SARC,250,knn_purity_k10,up,GONNECT-enc,GONNECT-enc,0.6447185763054436,False
SARC,250,knn_purity_k10,up,GONNECT-dec,GONNECT-dec,0.8330185252073077,False
SARC,250,knn_purity_k10,up,GONNECT-both,GONNECT-both,0.60023851168858,False
SARC,250,knn_purity_k10,up,GONNECT-SL-enc,GONNECT-SL-enc,0.8591588147128503,False
SARC,250,knn_purity_k10,up,GONNECT-SL-dec,GONNECT-SL-dec,0.8695859723766702,False
SARC,250,knn_purity_k10,up,GONNECT-SL-both,GONNECT-SL-both,0.859035970622838,False
SARC,250,knn_purity_k10,up,GONNECT-R-enc,GONNECT-DPR-enc,0.6900656976033173,False
SARC,250,knn_purity_k10,up,GONNECT-R-dec,GONNECT-DPR-dec,0.8468149365823784,False
SARC,250,knn_purity_k10,up,GONNECT-R-both,GONNECT-DPR-both,0.6769746111469778,False
SARC,250,knn_purity_k10,up,Random,Random,0.0261338777891206,False
ESCA,180,knn_purity_k10,up,MLP,MLP,0.3092373005416483,False
ESCA,180,knn_purity_k10,up,GONNECT-enc,GONNECT-enc,0.2082634314156053,False
ESCA,180,knn_purity_k10,up,GONNECT-dec,GONNECT-dec,0.211564558629776,False
ESCA,180,knn_purity_k10,up,GONNECT-both,GONNECT-both,0.205563973063973,False
ESCA,180,knn_purity_k10,up,GONNECT-SL-enc,GONNECT-SL-enc,0.2800439174352218,False
ESCA,180,knn_purity_k10,up,GONNECT-SL-dec,GONNECT-SL-dec,0.3146658615136876,False
ESCA,180,knn_purity_k10,up,GONNECT-SL-both,GONNECT-SL-both,0.3402254428341384,False
ESCA,180,knn_purity_k10,up,GONNECT-R-enc,GONNECT-DPR-enc,0.1763651002781437,False
ESCA,180,knn_purity_k10,up,GONNECT-R-dec,GONNECT-DPR-dec,0.1979937051676182,False
ESCA,180,knn_purity_k10,up,GONNECT-R-both,GONNECT-DPR-both,0.1435734153125457,False
ESCA,180,knn_purity_k10,up,Random,Random,0.0186670555636575,False
PCPG,177,knn_purity_k10,up,MLP,MLP,0.9866373955879204,False
PCPG,177,knn_purity_k10,up,GONNECT-enc,GONNECT-enc,0.9729096166202612,False
PCPG,177,knn_purity_k10,up,GONNECT-dec,GONNECT-dec,0.9897451274362818,False
PCPG,177,knn_purity_k10,up,GONNECT-both,GONNECT-both,0.9724759049046906,False
PCPG,177,knn_purity_k10,up,GONNECT-SL-enc,GONNECT-SL-enc,0.9829545941315058,False
PCPG,177,knn_purity_k10,up,GONNECT-SL-dec,GONNECT-SL-dec,0.9914842578710644,False
PCPG,177,knn_purity_k10,up,GONNECT-SL-both,GONNECT-SL-both,0.9844077961019492,False
PCPG,177,knn_purity_k10,up,GONNECT-R-enc,GONNECT-DPR-enc,0.9612902977082888,False
PCPG,177,knn_purity_k10,up,GONNECT-R-dec,GONNECT-DPR-dec,0.9850974512743628,False
PCPG,177,knn_purity_k10,up,GONNECT-R-both,GONNECT-DPR-both,0.9782330263439708,False
PCPG,177,knn_purity_k10,up,Random,Random,0.0180253755286568,False
PAAD,173,knn_purity_k10,up,MLP,MLP,0.7903482286634461,False
PAAD,173,knn_purity_k10,up,GONNECT-enc,GONNECT-enc,0.6827958937198068,False
PAAD,173,knn_purity_k10,up,GONNECT-dec,GONNECT-dec,0.7483776167471821,False
PAAD,173,knn_purity_k10,up,GONNECT-both,GONNECT-both,0.6514331723027376,False
PAAD,173,knn_purity_k10,up,GONNECT-SL-enc,GONNECT-SL-enc,0.7976761272141706,False
PAAD,173,knn_purity_k10,up,GONNECT-SL-dec,GONNECT-SL-dec,0.8400815217391304,False
PAAD,173,knn_purity_k10,up,GONNECT-SL-both,GONNECT-SL-both,0.8063335346215782,False
PAAD,173,knn_purity_k10,up,GONNECT-R-enc,GONNECT-DPR-enc,0.6852365136876007,False
PAAD,173,knn_purity_k10,up,GONNECT-R-dec,GONNECT-DPR-dec,0.7079035829307568,False
PAAD,173,knn_purity_k10,up,GONNECT-R-both,GONNECT-DPR-both,0.6720581723027376,False
PAAD,173,knn_purity_k10,up,Random,Random,0.0175295318652471,False
READ,148,knn_purity_k10,up,MLP,MLP,0.293896838455662,False
READ,148,knn_purity_k10,up,GONNECT-enc,GONNECT-enc,0.2677210656990069,False
READ,148,knn_purity_k10,up,GONNECT-dec,GONNECT-dec,0.2604716606922489,False
READ,148,knn_purity_k10,up,GONNECT-both,GONNECT-both,0.2513209217253335,False
READ,148,knn_purity_k10,up,GONNECT-SL-enc,GONNECT-SL-enc,0.2981925794793442,False
READ,148,knn_purity_k10,up,GONNECT-SL-dec,GONNECT-SL-dec,0.3044296512311218,False
READ,148,knn_purity_k10,up,GONNECT-SL-both,GONNECT-SL-both,0.3194531571369807,False
READ,148,knn_purity_k10,up,GONNECT-R-enc,GONNECT-DPR-enc,0.2574616927190457,False
READ,148,knn_purity_k10,up,GONNECT-R-dec,GONNECT-DPR-dec,0.2811185505670799,False
READ,148,knn_purity_k10,up,GONNECT-R-both,GONNECT-DPR-both,0.2196565934065934,False
READ,148,knn_purity_k10,up,Random,Random,0.0147878080793349,False
TGCT,138,knn_purity_k10,up,MLP,MLP,0.922111111111111,False
TGCT,138,knn_purity_k10,up,GONNECT-enc,GONNECT-enc,0.930638888888889,False
TGCT,138,knn_purity_k10,up,GONNECT-dec,GONNECT-dec,0.8949166666666667,False
TGCT,138,knn_purity_k10,up,GONNECT-both,GONNECT-both,0.8776944444444442,False
TGCT,138,knn_purity_k10,up,GONNECT-SL-enc,GONNECT-SL-enc,0.947472222222222,False
TGCT,138,knn_purity_k10,up,GONNECT-SL-dec,GONNECT-SL-dec,0.9421944444444444,False
TGCT,138,knn_purity_k10,up,GONNECT-SL-both,GONNECT-SL-both,0.9578888888888888,False
TGCT,138,knn_purity_k10,up,GONNECT-R-enc,GONNECT-DPR-enc,0.8823333333333334,False
TGCT,138,knn_purity_k10,up,GONNECT-R-dec,GONNECT-DPR-dec,0.8803333333333333,False
TGCT,138,knn_purity_k10,up,GONNECT-R-both,GONNECT-DPR-both,0.8919722222222223,False
TGCT,138,knn_purity_k10,up,Random,Random,0.0144378007875164,False
LAML,137,knn_purity_k10,up,MLP,MLP,0.9905882352941175,False
LAML,137,knn_purity_k10,up,GONNECT-enc,GONNECT-enc,0.9938223668914208,False
LAML,137,knn_purity_k10,up,GONNECT-dec,GONNECT-dec,0.9820168067226892,False
LAML,137,knn_purity_k10,up,GONNECT-both,GONNECT-both,0.983728036669213,False
LAML,137,knn_purity_k10,up,GONNECT-SL-enc,GONNECT-SL-enc,0.9976470588235294,False
LAML,137,knn_purity_k10,up,GONNECT-SL-dec,GONNECT-SL-dec,1.0,False
LAML,137,knn_purity_k10,up,GONNECT-SL-both,GONNECT-SL-both,1.0,False
LAML,137,knn_purity_k10,up,GONNECT-R-enc,GONNECT-DPR-enc,0.97427807486631,False
LAML,137,knn_purity_k10,up,GONNECT-R-dec,GONNECT-DPR-dec,0.986218487394958,False
LAML,137,knn_purity_k10,up,GONNECT-R-both,GONNECT-DPR-both,0.9659730295280168,False
LAML,137,knn_purity_k10,up,Random,Random,0.0139711243984249,False
THYM,119,knn_purity_k10,up,MLP,MLP,0.8782355889724311,False
THYM,119,knn_purity_k10,up,GONNECT-enc,GONNECT-enc,0.8104868052484152,False
THYM,119,knn_purity_k10,up,GONNECT-dec,GONNECT-dec,0.8889724310776943,False
THYM,119,knn_purity_k10,up,GONNECT-both,GONNECT-both,0.7797629367536488,False
THYM,119,knn_purity_k10,up,GONNECT-SL-enc,GONNECT-SL-enc,0.9066678460858026,False
THYM,119,knn_purity_k10,up,GONNECT-SL-dec,GONNECT-SL-dec,0.9110853604599736,False
THYM,119,knn_purity_k10,up,GONNECT-SL-both,GONNECT-SL-both,0.9226678460858028,False
THYM,119,knn_purity_k10,up,GONNECT-R-enc,GONNECT-DPR-enc,0.7908241191213328,False
THYM,119,knn_purity_k10,up,GONNECT-R-dec,GONNECT-DPR-dec,0.8819460415745246,False
THYM,119,knn_purity_k10,up,GONNECT-R-both,GONNECT-DPR-both,0.8356992481203008,False
THYM,119,knn_purity_k10,up,Random,Random,0.011812746098877,False
MESO,87,knn_purity_k10,up,MLP,MLP,0.8552417582417583,False
MESO,87,knn_purity_k10,up,GONNECT-enc,GONNECT-enc,0.4130970695970696,False
MESO,87,knn_purity_k10,up,GONNECT-dec,GONNECT-dec,0.7209029304029304,False
MESO,87,knn_purity_k10,up,GONNECT-both,GONNECT-both,0.5152399267399268,False
MESO,87,knn_purity_k10,up,GONNECT-SL-enc,GONNECT-SL-enc,0.8262069597069598,False
MESO,87,knn_purity_k10,up,GONNECT-SL-dec,GONNECT-SL-dec,0.9006062271062272,False
MESO,87,knn_purity_k10,up,GONNECT-SL-both,GONNECT-SL-both,0.8596483516483516,False
MESO,87,knn_purity_k10,up,GONNECT-R-enc,GONNECT-DPR-enc,0.530062271062271,False
MESO,87,knn_purity_k10,up,GONNECT-R-dec,GONNECT-DPR-dec,0.8102271062271063,False
MESO,87,knn_purity_k10,up,GONNECT-R-both,GONNECT-DPR-both,0.5668479853479853,False
MESO,87,knn_purity_k10,up,Random,Random,0.0086043459238734,False
UVM,77,knn_purity_k10,up,MLP,MLP,0.9432504848093084,False
UVM,77,knn_purity_k10,up,GONNECT-enc,GONNECT-enc,0.845912734324499,False
UVM,77,knn_purity_k10,up,GONNECT-dec,GONNECT-dec,0.918978021978022,False
UVM,77,knn_purity_k10,up,GONNECT-both,GONNECT-both,0.8399078862314158,False
UVM,77,knn_purity_k10,up,GONNECT-SL-enc,GONNECT-SL-enc,0.9541955397543632,False
UVM,77,knn_purity_k10,up,GONNECT-SL-dec,GONNECT-SL-dec,0.9763209437621204,False
UVM,77,knn_purity_k10,up,GONNECT-SL-both,GONNECT-SL-both,0.9679867485455722,False
UVM,77,knn_purity_k10,up,GONNECT-R-enc,GONNECT-DPR-enc,0.9076208791208792,False
UVM,77,knn_purity_k10,up,GONNECT-R-dec,GONNECT-DPR-dec,0.9220358758888172,False
UVM,77,knn_purity_k10,up,GONNECT-R-both,GONNECT-DPR-both,0.8928329023917259,False
UVM,77,knn_purity_k10,up,Random,Random,0.0078459967915998,False
ACC,76,knn_purity_k10,up,MLP,MLP,0.9465334665334666,False
ACC,76,knn_purity_k10,up,GONNECT-enc,GONNECT-enc,0.8785194805194806,False
ACC,76,knn_purity_k10,up,GONNECT-dec,GONNECT-dec,0.911744255744256,False
ACC,76,knn_purity_k10,up,GONNECT-both,GONNECT-both,0.8859440559440559,False
ACC,76,knn_purity_k10,up,GONNECT-SL-enc,GONNECT-SL-enc,0.9642257742257744,False
ACC,76,knn_purity_k10,up,GONNECT-SL-dec,GONNECT-SL-dec,0.9674725274725277,False
ACC,76,knn_purity_k10,up,GONNECT-SL-both,GONNECT-SL-both,0.9494405594405596,False
ACC,76,knn_purity_k10,up,GONNECT-R-enc,GONNECT-DPR-enc,0.8834145854145856,False
ACC,76,knn_purity_k10,up,GONNECT-R-dec,GONNECT-DPR-dec,0.9260839160839162,False
ACC,76,knn_purity_k10,up,GONNECT-R-both,GONNECT-DPR-both,0.8350029970029971,False
ACC,76,knn_purity_k10,up,Random,Random,0.0076418258713723,False
KICH,65,knn_purity_k10,up,MLP,MLP,0.7635569985569985,False
KICH,65,knn_purity_k10,up,GONNECT-enc,GONNECT-enc,0.6869033189033189,False
KICH,65,knn_purity_k10,up,GONNECT-dec,GONNECT-dec,0.7562308802308803,False
KICH,65,knn_purity_k10,up,GONNECT-both,GONNECT-both,0.6436666666666666,False
KICH,65,knn_purity_k10,up,GONNECT-SL-enc,GONNECT-SL-enc,0.760010101010101,False
KICH,65,knn_purity_k10,up,GONNECT-SL-dec,GONNECT-SL-dec,0.7835959595959596,False
KICH,65,knn_purity_k10,up,GONNECT-SL-both,GONNECT-SL-both,0.7935541125541126,False
KICH,65,knn_purity_k10,up,GONNECT-R-enc,GONNECT-DPR-enc,0.6763997113997113,False
KICH,65,knn_purity_k10,up,GONNECT-R-dec,GONNECT-DPR-dec,0.7322049062049062,False
KICH,65,knn_purity_k10,up,GONNECT-R-both,GONNECT-DPR-both,0.6912135642135642,False
KICH,65,knn_purity_k10,up,Random,Random,0.0062126294297797,False
UCS,53,knn_purity_k10,up,MLP,MLP,0.3918939393939394,False
UCS,53,knn_purity_k10,up,GONNECT-enc,GONNECT-enc,0.2012575757575757,False
UCS,53,knn_purity_k10,up,GONNECT-dec,GONNECT-dec,0.3107979797979798,False
UCS,53,knn_purity_k10,up,GONNECT-both,GONNECT-both,0.189050505050505,False
UCS,53,knn_purity_k10,up,GONNECT-SL-enc,GONNECT-SL-enc,0.3379646464646464,False
UCS,53,knn_purity_k10,up,GONNECT-SL-dec,GONNECT-SL-dec,0.4359747474747474,False
UCS,53,knn_purity_k10,up,GONNECT-SL-both,GONNECT-SL-both,0.408540404040404,False
UCS,53,knn_purity_k10,up,GONNECT-R-enc,GONNECT-DPR-enc,0.1867676767676767,False
UCS,53,knn_purity_k10,up,GONNECT-R-dec,GONNECT-DPR-dec,0.316030303030303,False
UCS,53,knn_purity_k10,up,GONNECT-R-both,GONNECT-DPR-both,0.1435050505050505,False
UCS,53,knn_purity_k10,up,Random,Random,0.0052501093772786,False
DLBC,45,knn_purity_k10,up,MLP,MLP,0.8625396825396825,False
DLBC,45,knn_purity_k10,up,GONNECT-enc,GONNECT-enc,0.8933333333333333,False
DLBC,45,knn_purity_k10,up,GONNECT-dec,GONNECT-dec,0.8360317460317461,False
DLBC,45,knn_purity_k10,up,GONNECT-both,GONNECT-both,0.8533333333333333,False
DLBC,45,knn_purity_k10,up,GONNECT-SL-enc,GONNECT-SL-enc,0.9253968253968252,False
DLBC,45,knn_purity_k10,up,GONNECT-SL-dec,GONNECT-SL-dec,0.8907936507936508,False
DLBC,45,knn_purity_k10,up,GONNECT-SL-both,GONNECT-SL-both,0.9253968253968252,False
DLBC,45,knn_purity_k10,up,GONNECT-R-enc,GONNECT-DPR-enc,0.8836507936507937,False
DLBC,45,knn_purity_k10,up,GONNECT-R-dec,GONNECT-DPR-dec,0.8080952380952382,False
DLBC,45,knn_purity_k10,up,GONNECT-R-both,GONNECT-DPR-both,0.8858730158730159,False
DLBC,45,knn_purity_k10,up,Random,Random,0.0046667638909143,False
CHOL,35,knn_purity_k10,up,MLP,MLP,0.5752222222222222,False
CHOL,35,knn_purity_k10,up,GONNECT-enc,GONNECT-enc,0.289,False
CHOL,35,knn_purity_k10,up,GONNECT-dec,GONNECT-dec,0.5833333333333334,False
CHOL,35,knn_purity_k10,up,GONNECT-both,GONNECT-both,0.4085555555555555,False
CHOL,35,knn_purity_k10,up,GONNECT-SL-enc,GONNECT-SL-enc,0.5463333333333333,False
CHOL,35,knn_purity_k10,up,GONNECT-SL-dec,GONNECT-SL-dec,0.5923333333333333,False
CHOL,35,knn_purity_k10,up,GONNECT-SL-both,GONNECT-SL-both,0.5512222222222222,False
CHOL,35,knn_purity_k10,up,GONNECT-R-enc,GONNECT-DPR-enc,0.3816666666666666,False
CHOL,35,knn_purity_k10,up,GONNECT-R-dec,GONNECT-DPR-dec,0.4807777777777777,False
CHOL,35,knn_purity_k10,up,GONNECT-R-both,GONNECT-DPR-both,0.3907777777777778,False
CHOL,35,knn_purity_k10,up,Random,Random,0.003675076564095,False
BRCA,1060,knn_purity_k20,up,MLP,MLP,0.9754835332577324,False
BRCA,1060,knn_purity_k20,up,GONNECT-enc,GONNECT-enc,0.8176517684727568,False
BRCA,1060,knn_purity_k20,up,GONNECT-dec,GONNECT-dec,0.959128189842294,False
BRCA,1060,knn_purity_k20,up,GONNECT-both,GONNECT-both,0.8056990185387649,False
BRCA,1060,knn_purity_k20,up,GONNECT-SL-enc,GONNECT-SL-enc,0.9727739227962116,False
BRCA,1060,knn_purity_k20,up,GONNECT-SL-dec,GONNECT-SL-dec,0.981160003444914,False
BRCA,1060,knn_purity_k20,up,GONNECT-SL-both,GONNECT-SL-both,0.9794887329677572,False
BRCA,1060,knn_purity_k20,up,GONNECT-R-enc,GONNECT-DPR-enc,0.9048953872482018,False
BRCA,1060,knn_purity_k20,up,GONNECT-R-dec,GONNECT-DPR-dec,0.9607164715996096,False
BRCA,1060,knn_purity_k20,up,GONNECT-R-both,GONNECT-DPR-both,0.8928623858694221,False
BRCA,1060,knn_purity_k20,up,Random,Random,0.107743911331486,False
LUAD,516,knn_purity_k20,up,MLP,MLP,0.9093499422978258,False
LUAD,516,knn_purity_k20,up,GONNECT-enc,GONNECT-enc,0.7195189786614397,False
LUAD,516,knn_purity_k20,up,GONNECT-dec,GONNECT-dec,0.8765753259242552,False
LUAD,516,knn_purity_k20,up,GONNECT-both,GONNECT-both,0.638111348448304,False
LUAD,516,knn_purity_k20,up,GONNECT-SL-enc,GONNECT-SL-enc,0.892311870764237,False
LUAD,516,knn_purity_k20,up,GONNECT-SL-dec,GONNECT-SL-dec,0.9180146672684988,False
LUAD,516,knn_purity_k20,up,GONNECT-SL-both,GONNECT-SL-both,0.8922690212845048,False
LUAD,516,knn_purity_k20,up,GONNECT-R-enc,GONNECT-DPR-enc,0.6491612926198445,False
LUAD,516,knn_purity_k20,up,GONNECT-R-dec,GONNECT-DPR-dec,0.8526806490565182,False
LUAD,516,knn_purity_k20,up,GONNECT-R-both,GONNECT-DPR-both,0.6638094620680836,False
LUAD,516,knn_purity_k20,up,Random,Random,0.053055271984833,False
UCEC,513,knn_purity_k20,up,MLP,MLP,0.8522750478291741,False
UCEC,513,knn_purity_k20,up,GONNECT-enc,GONNECT-enc,0.5485166546352358,False
UCEC,513,knn_purity_k20,up,GONNECT-dec,GONNECT-dec,0.7293660257811534,False
UCEC,513,knn_purity_k20,up,GONNECT-both,GONNECT-both,0.5753123778852134,False
UCEC,513,knn_purity_k20,up,GONNECT-SL-enc,GONNECT-SL-enc,0.8145003905978605,False
UCEC,513,knn_purity_k20,up,GONNECT-SL-dec,GONNECT-SL-dec,0.8752943231133955,False
UCEC,513,knn_purity_k20,up,GONNECT-SL-both,GONNECT-SL-both,0.8490186360085474,False
UCEC,513,knn_purity_k20,up,GONNECT-R-enc,GONNECT-DPR-enc,0.668760194519429,False
UCEC,513,knn_purity_k20,up,GONNECT-R-dec,GONNECT-DPR-dec,0.7551844117562331,False
UCEC,513,knn_purity_k20,up,GONNECT-R-both,GONNECT-DPR-both,0.6573672662047275,False
UCEC,513,knn_purity_k20,up,Random,Random,0.0524427592241504,False
LGG,511,knn_purity_k20,up,MLP,MLP,0.9949775112443776,False
LGG,511,knn_purity_k20,up,GONNECT-enc,GONNECT-enc,0.9922738630684658,False
LGG,511,knn_purity_k20,up,GONNECT-dec,GONNECT-dec,0.9948025987006496,False
LGG,511,knn_purity_k20,up,GONNECT-both,GONNECT-both,0.9899322497513534,False
LGG,511,knn_purity_k20,up,GONNECT-SL-enc,GONNECT-SL-enc,0.9948025987006496,False
LGG,511,knn_purity_k20,up,GONNECT-SL-dec,GONNECT-SL-dec,0.994687656171914,False
LGG,511,knn_purity_k20,up,GONNECT-SL-both,GONNECT-SL-both,0.9949175412293852,False
LGG,511,knn_purity_k20,up,GONNECT-R-enc,GONNECT-DPR-enc,0.9902961705960208,False
LGG,511,knn_purity_k20,up,GONNECT-R-dec,GONNECT-DPR-dec,0.9950624687656172,False
LGG,511,knn_purity_k20,up,GONNECT-R-both,GONNECT-DPR-both,0.9920344548662626,False
LGG,511,knn_purity_k20,up,Random,Random,0.0519469155607408,False
KIRC,508,knn_purity_k20,up,MLP,MLP,0.9216242926608474,False
KIRC,508,knn_purity_k20,up,GONNECT-enc,GONNECT-enc,0.8850622233831063,False
KIRC,508,knn_purity_k20,up,GONNECT-dec,GONNECT-dec,0.9078628508468788,False
KIRC,508,knn_purity_k20,up,GONNECT-both,GONNECT-both,0.879945430847988,False
KIRC,508,knn_purity_k20,up,GONNECT-SL-enc,GONNECT-SL-enc,0.91440217380501,False
KIRC,508,knn_purity_k20,up,GONNECT-SL-dec,GONNECT-SL-dec,0.9219509313808218,False
KIRC,508,knn_purity_k20,up,GONNECT-SL-both,GONNECT-SL-both,0.9178369325707278,False
KIRC,508,knn_purity_k20,up,GONNECT-R-enc,GONNECT-DPR-enc,0.8690717676784845,False
KIRC,508,knn_purity_k20,up,GONNECT-R-dec,GONNECT-DPR-dec,0.9103892509694076,False
KIRC,508,knn_purity_k20,up,GONNECT-R-both,GONNECT-DPR-both,0.8720450452814339,False
KIRC,508,knn_purity_k20,up,Random,Random,0.0515385737202858,False
HNSC,498,knn_purity_k20,up,MLP,MLP,0.743965775549986,False
HNSC,498,knn_purity_k20,up,GONNECT-enc,GONNECT-enc,0.6578232897057458,False
HNSC,498,knn_purity_k20,up,GONNECT-dec,GONNECT-dec,0.6863349484823169,False
HNSC,498,knn_purity_k20,up,GONNECT-both,GONNECT-both,0.6622614035087719,False
HNSC,498,knn_purity_k20,up,GONNECT-SL-enc,GONNECT-SL-enc,0.7137846282372599,False
HNSC,498,knn_purity_k20,up,GONNECT-SL-dec,GONNECT-SL-dec,0.7507044277360068,False
HNSC,498,knn_purity_k20,up,GONNECT-SL-both,GONNECT-SL-both,0.7438726352919336,False
HNSC,498,knn_purity_k20,up,GONNECT-R-enc,GONNECT-DPR-enc,0.5911025433955259,False
HNSC,498,knn_purity_k20,up,GONNECT-R-dec,GONNECT-DPR-dec,0.6580386707509513,False
HNSC,498,knn_purity_k20,up,GONNECT-R-both,GONNECT-DPR-both,0.5895334168755221,False
HNSC,498,knn_purity_k20,up,Random,Random,0.0508093918623304,False
THCA,497,knn_purity_k20,up,MLP,MLP,0.99680485338726,False
THCA,497,knn_purity_k20,up,GONNECT-enc,GONNECT-enc,0.9708000115700568,False
THCA,497,knn_purity_k20,up,GONNECT-dec,GONNECT-dec,0.9933663633299628,False
THCA,497,knn_purity_k20,up,GONNECT-both,GONNECT-both,0.9653615249262858,False
THCA,497,knn_purity_k20,up,GONNECT-SL-enc,GONNECT-SL-enc,0.995939428956618,False
THCA,497,knn_purity_k20,up,GONNECT-SL-dec,GONNECT-SL-dec,0.997994607347489,False
THCA,497,knn_purity_k20,up,GONNECT-SL-both,GONNECT-SL-both,0.9970967788530984,False
THCA,497,knn_purity_k20,up,GONNECT-R-enc,GONNECT-DPR-enc,0.965988564867415,False
THCA,497,knn_purity_k20,up,GONNECT-R-dec,GONNECT-DPR-dec,0.9880943353074294,False
THCA,497,knn_purity_k20,up,GONNECT-R-both,GONNECT-DPR-both,0.9675546642060532,False
THCA,497,knn_purity_k20,up,Random,Random,0.051976082835059,False
PRAD,477,knn_purity_k20,up,MLP,MLP,0.9950118718047164,False
PRAD,477,knn_purity_k20,up,GONNECT-enc,GONNECT-enc,0.9744634593789424,False
PRAD,477,knn_purity_k20,up,GONNECT-dec,GONNECT-dec,0.9888262574009336,False
PRAD,477,knn_purity_k20,up,GONNECT-both,GONNECT-both,0.9784047036884144,False
PRAD,477,knn_purity_k20,up,GONNECT-SL-enc,GONNECT-SL-enc,0.9958782104391052,False
PRAD,477,knn_purity_k20,up,GONNECT-SL-dec,GONNECT-SL-dec,0.9969707701012388,False
PRAD,477,knn_purity_k20,up,GONNECT-SL-both,GONNECT-SL-both,0.9997183098591548,False
PRAD,477,knn_purity_k20,up,GONNECT-R-enc,GONNECT-DPR-enc,0.9748974232771088,False
PRAD,477,knn_purity_k20,up,GONNECT-R-dec,GONNECT-DPR-dec,0.9955284216056745,False
PRAD,477,knn_purity_k20,up,GONNECT-R-both,GONNECT-DPR-both,0.9535562774061874,False
PRAD,477,knn_purity_k20,up,Random,Random,0.0480676680764182,False
LUSC,460,knn_purity_k20,up,MLP,MLP,0.7152003466155334,False
LUSC,460,knn_purity_k20,up,GONNECT-enc,GONNECT-enc,0.5201452475132818,False
LUSC,460,knn_purity_k20,up,GONNECT-dec,GONNECT-dec,0.6370444043028243,False
LUSC,460,knn_purity_k20,up,GONNECT-both,GONNECT-both,0.4711736584804558,False
LUSC,460,knn_purity_k20,up,GONNECT-SL-enc,GONNECT-SL-enc,0.7044005899872403,False
LUSC,460,knn_purity_k20,up,GONNECT-SL-dec,GONNECT-SL-dec,0.7473116127237377,False
LUSC,460,knn_purity_k20,up,GONNECT-SL-both,GONNECT-SL-both,0.7244179767204874,False
LUSC,460,knn_purity_k20,up,GONNECT-R-enc,GONNECT-DPR-enc,0.5356514417488086,False
LUSC,460,knn_purity_k20,up,GONNECT-R-dec,GONNECT-DPR-dec,0.6383197989346183,False
LUSC,460,knn_purity_k20,up,GONNECT-R-both,GONNECT-DPR-both,0.5081647984262803,False
LUSC,460,knn_purity_k20,up,Random,Random,0.0469009771036896,False
SKCM,440,knn_purity_k20,up,MLP,MLP,0.922938549919682,False
SKCM,440,knn_purity_k20,up,GONNECT-enc,GONNECT-enc,0.8354413406300198,False
SKCM,440,knn_purity_k20,up,GONNECT-dec,GONNECT-dec,0.9278998883715864,False
SKCM,440,knn_purity_k20,up,GONNECT-both,GONNECT-both,0.8222107190503418,False
SKCM,440,knn_purity_k20,up,GONNECT-SL-enc,GONNECT-SL-enc,0.9297482915407445,False
SKCM,440,knn_purity_k20,up,GONNECT-SL-dec,GONNECT-SL-dec,0.9556670478368592,False
SKCM,440,knn_purity_k20,up,GONNECT-SL-both,GONNECT-SL-both,0.9438065969669742,False
SKCM,440,knn_purity_k20,up,GONNECT-R-enc,GONNECT-DPR-enc,0.8770818018459527,False
SKCM,440,knn_purity_k20,up,GONNECT-R-dec,GONNECT-DPR-dec,0.927772196357102,False
SKCM,440,knn_purity_k20,up,GONNECT-R-both,GONNECT-DPR-both,0.8817056004791854,False
SKCM,440,knn_purity_k20,up,Random,Random,0.044509260609596,False
COAD,433,knn_purity_k20,up,MLP,MLP,0.6754103639200988,False
COAD,433,knn_purity_k20,up,GONNECT-enc,GONNECT-enc,0.6114925638581397,False
COAD,433,knn_purity_k20,up,GONNECT-dec,GONNECT-dec,0.6467705255010558,False
COAD,433,knn_purity_k20,up,GONNECT-both,GONNECT-both,0.6337869472552571,False
COAD,433,knn_purity_k20,up,GONNECT-SL-enc,GONNECT-SL-enc,0.6590643128060278,False
COAD,433,knn_purity_k20,up,GONNECT-SL-dec,GONNECT-SL-dec,0.7110433768072543,False
COAD,433,knn_purity_k20,up,GONNECT-SL-both,GONNECT-SL-both,0.6825927248091704,False
COAD,433,knn_purity_k20,up,GONNECT-R-enc,GONNECT-DPR-enc,0.6268691189573543,False
COAD,433,knn_purity_k20,up,GONNECT-R-dec,GONNECT-DPR-dec,0.656293549729341,False
COAD,433,knn_purity_k20,up,GONNECT-R-both,GONNECT-DPR-both,0.6131762713372076,False
COAD,433,knn_purity_k20,up,Random,Random,0.0434592387341402,False
OV,403,knn_purity_k20,up,MLP,MLP,0.9127875767445344,False
OV,403,knn_purity_k20,up,GONNECT-enc,GONNECT-enc,0.7143151766996108,False
OV,403,knn_purity_k20,up,GONNECT-dec,GONNECT-dec,0.8436653844713986,False
OV,403,knn_purity_k20,up,GONNECT-both,GONNECT-both,0.6796270683587899,False
OV,403,knn_purity_k20,up,GONNECT-SL-enc,GONNECT-SL-enc,0.9015521394878708,False
OV,403,knn_purity_k20,up,GONNECT-SL-dec,GONNECT-SL-dec,0.928873156259359,False
OV,403,knn_purity_k20,up,GONNECT-SL-both,GONNECT-SL-both,0.9309300220874512,False
OV,403,knn_purity_k20,up,GONNECT-R-enc,GONNECT-DPR-enc,0.758565644654088,False
OV,403,knn_purity_k20,up,GONNECT-R-dec,GONNECT-DPR-dec,0.8712430368373765,False
OV,403,knn_purity_k20,up,GONNECT-R-both,GONNECT-DPR-both,0.7224811695118298,False
OV,403,knn_purity_k20,up,Random,Random,0.0407466822225463,False
STAD,397,knn_purity_k20,up,MLP,MLP,0.7183915458356699,False
STAD,397,knn_purity_k20,up,GONNECT-enc,GONNECT-enc,0.4095430618975139,False
STAD,397,knn_purity_k20,up,GONNECT-dec,GONNECT-dec,0.5539022236908864,False
STAD,397,knn_purity_k20,up,GONNECT-both,GONNECT-both,0.4252858888087799,False
STAD,397,knn_purity_k20,up,GONNECT-SL-enc,GONNECT-SL-enc,0.6505408355363294,False
STAD,397,knn_purity_k20,up,GONNECT-SL-dec,GONNECT-SL-dec,0.7432556276536089,False
STAD,397,knn_purity_k20,up,GONNECT-SL-both,GONNECT-SL-both,0.7092145985206548,False
STAD,397,knn_purity_k20,up,GONNECT-R-enc,GONNECT-DPR-enc,0.4168295882400064,False
STAD,397,knn_purity_k20,up,GONNECT-R-dec,GONNECT-DPR-dec,0.5530814407594329,False
STAD,397,knn_purity_k20,up,GONNECT-R-both,GONNECT-DPR-both,0.413724298379129,False
STAD,397,knn_purity_k20,up,Random,Random,0.041388362257547,False
BLCA,387,knn_purity_k20,up,MLP,MLP,0.7342152801049465,False
BLCA,387,knn_purity_k20,up,GONNECT-enc,GONNECT-enc,0.4851338590451777,False
BLCA,387,knn_purity_k20,up,GONNECT-dec,GONNECT-dec,0.6177300482172428,False
BLCA,387,knn_purity_k20,up,GONNECT-both,GONNECT-both,0.5028391156725078,False
BLCA,387,knn_purity_k20,up,GONNECT-SL-enc,GONNECT-SL-enc,0.6700665729431863,False
BLCA,387,knn_purity_k20,up,GONNECT-SL-dec,GONNECT-SL-dec,0.7359414453770092,False
BLCA,387,knn_purity_k20,up,GONNECT-SL-both,GONNECT-SL-both,0.7075927394089483,False
BLCA,387,knn_purity_k20,up,GONNECT-R-enc,GONNECT-DPR-enc,0.4595994711773029,False
BLCA,387,knn_purity_k20,up,GONNECT-R-dec,GONNECT-DPR-dec,0.5964100330759047,False
BLCA,387,knn_purity_k20,up,GONNECT-R-both,GONNECT-DPR-both,0.4485996975210525,False
BLCA,387,knn_purity_k20,up,Random,Random,0.0387049730202712,False
LIHC,362,knn_purity_k20,up,MLP,MLP,0.947436752136752,False
LIHC,362,knn_purity_k20,up,GONNECT-enc,GONNECT-enc,0.9526076923076924,False
LIHC,362,knn_purity_k20,up,GONNECT-dec,GONNECT-dec,0.9412199023199024,False
LIHC,362,knn_purity_k20,up,GONNECT-both,GONNECT-both,0.9511938135938136,False
LIHC,362,knn_purity_k20,up,GONNECT-SL-enc,GONNECT-SL-enc,0.9507169312169312,False
LIHC,362,knn_purity_k20,up,GONNECT-SL-dec,GONNECT-SL-dec,0.9560983312983312,False
LIHC,362,knn_purity_k20,up,GONNECT-SL-both,GONNECT-SL-both,0.9576115588115588,False
LIHC,362,knn_purity_k20,up,GONNECT-R-enc,GONNECT-DPR-enc,0.9406009361009362,False
LIHC,362,knn_purity_k20,up,GONNECT-R-dec,GONNECT-DPR-dec,0.9472063085063084,False
LIHC,362,knn_purity_k20,up,GONNECT-R-both,GONNECT-DPR-both,0.9411323565323564,False
LIHC,362,knn_purity_k20,up,Random,Random,0.0380632929852705,False
CESC,293,knn_purity_k20,up,MLP,MLP,0.6059821111548487,False
CESC,293,knn_purity_k20,up,GONNECT-enc,GONNECT-enc,0.3819515689733244,False
CESC,293,knn_purity_k20,up,GONNECT-dec,GONNECT-dec,0.4482525963766816,False
CESC,293,knn_purity_k20,up,GONNECT-both,GONNECT-both,0.350361128309434,False
CESC,293,knn_purity_k20,up,GONNECT-SL-enc,GONNECT-SL-enc,0.5595668768255017,False
CESC,293,knn_purity_k20,up,GONNECT-SL-dec,GONNECT-SL-dec,0.6328378960470177,False
CESC,293,knn_purity_k20,up,GONNECT-SL-both,GONNECT-SL-both,0.6006391085658692,False
CESC,293,knn_purity_k20,up,GONNECT-R-enc,GONNECT-DPR-enc,0.3820531068001014,False
CESC,293,knn_purity_k20,up,GONNECT-R-dec,GONNECT-DPR-dec,0.4299892280049248,False
CESC,293,knn_purity_k20,up,GONNECT-R-both,GONNECT-DPR-both,0.3127819850480088,False
CESC,293,knn_purity_k20,up,Random,Random,0.0304214671138982,False
KIRP,282,knn_purity_k20,up,MLP,MLP,0.8696284652906929,False
KIRP,282,knn_purity_k20,up,GONNECT-enc,GONNECT-enc,0.7758991129538315,False
KIRP,282,knn_purity_k20,up,GONNECT-dec,GONNECT-dec,0.8358252003389696,False
KIRP,282,knn_purity_k20,up,GONNECT-both,GONNECT-both,0.7668087096976006,False
KIRP,282,knn_purity_k20,up,GONNECT-SL-enc,GONNECT-SL-enc,0.8790513686748905,False
KIRP,282,knn_purity_k20,up,GONNECT-SL-dec,GONNECT-SL-dec,0.8834225166404097,False
KIRP,282,knn_purity_k20,up,GONNECT-SL-both,GONNECT-SL-both,0.8920819802040263,False
KIRP,282,knn_purity_k20,up,GONNECT-R-enc,GONNECT-DPR-enc,0.7714398196333138,False
KIRP,282,knn_purity_k20,up,GONNECT-R-dec,GONNECT-DPR-dec,0.8259342706182782,False
KIRP,282,knn_purity_k20,up,GONNECT-R-both,GONNECT-DPR-both,0.7551257249076271,False
KIRP,282,knn_purity_k20,up,Random,Random,0.0289631033979874,False
SARC,250,knn_purity_k20,up,MLP,MLP,0.8574487004103967,False
SARC,250,knn_purity_k20,up,GONNECT-enc,GONNECT-enc,0.5673232160920259,False
SARC,250,knn_purity_k20,up,GONNECT-dec,GONNECT-dec,0.8084030931910549,False
SARC,250,knn_purity_k20,up,GONNECT-both,GONNECT-both,0.5178244518326598,False
SARC,250,knn_purity_k20,up,GONNECT-SL-enc,GONNECT-SL-enc,0.8302053358209308,False
SARC,250,knn_purity_k20,up,GONNECT-SL-dec,GONNECT-SL-dec,0.8568113625569167,False
SARC,250,knn_purity_k20,up,GONNECT-SL-both,GONNECT-SL-both,0.8437584337994734,False
SARC,250,knn_purity_k20,up,GONNECT-R-enc,GONNECT-DPR-enc,0.6192526779120486,False
SARC,250,knn_purity_k20,up,GONNECT-R-dec,GONNECT-DPR-dec,0.8287999048190567,False
SARC,250,knn_purity_k20,up,GONNECT-R-both,GONNECT-DPR-both,0.6286515116610876,False
SARC,250,knn_purity_k20,up,Random,Random,0.0261338777891206,False
ESCA,180,knn_purity_k20,up,MLP,MLP,0.2741582491582491,False
ESCA,180,knn_purity_k20,up,GONNECT-enc,GONNECT-enc,0.1628817157078027,False
ESCA,180,knn_purity_k20,up,GONNECT-dec,GONNECT-dec,0.1750576416337286,False
ESCA,180,knn_purity_k20,up,GONNECT-both,GONNECT-both,0.1663389328063241,False
ESCA,180,knn_purity_k20,up,GONNECT-SL-enc,GONNECT-SL-enc,0.2305970941297028,False
ESCA,180,knn_purity_k20,up,GONNECT-SL-dec,GONNECT-SL-dec,0.2786259332454984,False
ESCA,180,knn_purity_k20,up,GONNECT-SL-both,GONNECT-SL-both,0.2922591860635338,False
ESCA,180,knn_purity_k20,up,GONNECT-R-enc,GONNECT-DPR-enc,0.1515623627580149,False
ESCA,180,knn_purity_k20,up,GONNECT-R-dec,GONNECT-DPR-dec,0.1665200922266139,False
ESCA,180,knn_purity_k20,up,GONNECT-R-both,GONNECT-DPR-both,0.1329673547064851,False
ESCA,180,knn_purity_k20,up,Random,Random,0.0186670555636575,False
PCPG,177,knn_purity_k20,up,MLP,MLP,0.965776397515528,False
PCPG,177,knn_purity_k20,up,GONNECT-enc,GONNECT-enc,0.9623511244377811,False
PCPG,177,knn_purity_k20,up,GONNECT-dec,GONNECT-dec,0.9892203898050974,False
PCPG,177,knn_purity_k20,up,GONNECT-both,GONNECT-both,0.969087599057614,False
PCPG,177,knn_purity_k20,up,GONNECT-SL-enc,GONNECT-SL-enc,0.9811811951167272,False
PCPG,177,knn_purity_k20,up,GONNECT-SL-dec,GONNECT-SL-dec,0.982835189548083,False
PCPG,177,knn_purity_k20,up,GONNECT-SL-both,GONNECT-SL-both,0.9837058256585992,False
PCPG,177,knn_purity_k20,up,GONNECT-R-enc,GONNECT-DPR-enc,0.9465851145855644,False
PCPG,177,knn_purity_k20,up,GONNECT-R-dec,GONNECT-DPR-dec,0.9838830584707644,False
PCPG,177,knn_purity_k20,up,GONNECT-R-both,GONNECT-DPR-both,0.977555686442493,False
PCPG,177,knn_purity_k20,up,Random,Random,0.0180253755286568,False
PAAD,173,knn_purity_k20,up,MLP,MLP,0.7537379227053139,False
PAAD,173,knn_purity_k20,up,GONNECT-enc,GONNECT-enc,0.6292084339774556,False
PAAD,173,knn_purity_k20,up,GONNECT-dec,GONNECT-dec,0.7092778784219002,False
PAAD,173,knn_purity_k20,up,GONNECT-both,GONNECT-both,0.5886855877616747,False
PAAD,173,knn_purity_k20,up,GONNECT-SL-enc,GONNECT-SL-enc,0.7693040458937197,False
PAAD,173,knn_purity_k20,up,GONNECT-SL-dec,GONNECT-SL-dec,0.810931964573269,False
PAAD,173,knn_purity_k20,up,GONNECT-SL-both,GONNECT-SL-both,0.7793578904991948,False
PAAD,173,knn_purity_k20,up,GONNECT-R-enc,GONNECT-DPR-enc,0.6460965177133655,False
PAAD,173,knn_purity_k20,up,GONNECT-R-dec,GONNECT-DPR-dec,0.673948772141707,False
PAAD,173,knn_purity_k20,up,GONNECT-R-both,GONNECT-DPR-both,0.6440252616747182,False
PAAD,173,knn_purity_k20,up,Random,Random,0.0175295318652471,False
READ,148,knn_purity_k20,up,MLP,MLP,0.2972020442792502,False
READ,148,knn_purity_k20,up,GONNECT-enc,GONNECT-enc,0.254904672533349,False
READ,148,knn_purity_k20,up,GONNECT-dec,GONNECT-dec,0.2648553468590233,False
READ,148,knn_purity_k20,up,GONNECT-both,GONNECT-both,0.2399848497091143,False
READ,148,knn_purity_k20,up,GONNECT-SL-enc,GONNECT-SL-enc,0.2980122818358112,False
READ,148,knn_purity_k20,up,GONNECT-SL-dec,GONNECT-SL-dec,0.2958753746253746,False
READ,148,knn_purity_k20,up,GONNECT-SL-both,GONNECT-SL-both,0.310739132191338,False
READ,148,knn_purity_k20,up,GONNECT-R-enc,GONNECT-DPR-enc,0.2527629723217958,False
READ,148,knn_purity_k20,up,GONNECT-R-dec,GONNECT-DPR-dec,0.2822019524593054,False
READ,148,knn_purity_k20,up,GONNECT-R-both,GONNECT-DPR-both,0.2107419051536698,False
READ,148,knn_purity_k20,up,Random,Random,0.0147878080793349,False
TGCT,138,knn_purity_k20,up,MLP,MLP,0.9072638888888888,False
TGCT,138,knn_purity_k20,up,GONNECT-enc,GONNECT-enc,0.9115555555555556,False
TGCT,138,knn_purity_k20,up,GONNECT-dec,GONNECT-dec,0.860125,False
TGCT,138,knn_purity_k20,up,GONNECT-both,GONNECT-both,0.8197222222222222,False
TGCT,138,knn_purity_k20,up,GONNECT-SL-enc,GONNECT-SL-enc,0.928888888888889,False
TGCT,138,knn_purity_k20,up,GONNECT-SL-dec,GONNECT-SL-dec,0.9266805555555556,False
TGCT,138,knn_purity_k20,up,GONNECT-SL-both,GONNECT-SL-both,0.9450555555555556,False
TGCT,138,knn_purity_k20,up,GONNECT-R-enc,GONNECT-DPR-enc,0.8441527777777779,False
TGCT,138,knn_purity_k20,up,GONNECT-R-dec,GONNECT-DPR-dec,0.8364305555555556,False
TGCT,138,knn_purity_k20,up,GONNECT-R-both,GONNECT-DPR-both,0.8522916666666667,False
TGCT,138,knn_purity_k20,up,Random,Random,0.0144378007875164,False
LAML,137,knn_purity_k20,up,MLP,MLP,0.9871428571428572,False
LAML,137,knn_purity_k20,up,GONNECT-enc,GONNECT-enc,0.983352708672402,False
LAML,137,knn_purity_k20,up,GONNECT-dec,GONNECT-dec,0.980729564553094,False
LAML,137,knn_purity_k20,up,GONNECT-both,GONNECT-both,0.9821161191749428,False
LAML,137,knn_purity_k20,up,GONNECT-SL-enc,GONNECT-SL-enc,0.9976470588235294,False
LAML,137,knn_purity_k20,up,GONNECT-SL-dec,GONNECT-SL-dec,0.9982352941176472,False
LAML,137,knn_purity_k20,up,GONNECT-SL-both,GONNECT-SL-both,1.0,False
LAML,137,knn_purity_k20,up,GONNECT-R-enc,GONNECT-DPR-enc,0.9637471352177236,False
LAML,137,knn_purity_k20,up,GONNECT-R-dec,GONNECT-DPR-dec,0.9810084033613446,False
LAML,137,knn_purity_k20,up,GONNECT-R-both,GONNECT-DPR-both,0.9523026206530044,False
LAML,137,knn_purity_k20,up,Random,Random,0.0139711243984249,False
THYM,119,knn_purity_k20,up,MLP,MLP,0.8353377561550935,False
THYM,119,knn_purity_k20,up,GONNECT-enc,GONNECT-enc,0.7460551378446115,False
THYM,119,knn_purity_k20,up,GONNECT-dec,GONNECT-dec,0.8481203007518797,False
THYM,119,knn_purity_k20,up,GONNECT-both,GONNECT-both,0.7109252543122512,False
THYM,119,knn_purity_k20,up,GONNECT-SL-enc,GONNECT-SL-enc,0.879891788294265,False
THYM,119,knn_purity_k20,up,GONNECT-SL-dec,GONNECT-SL-dec,0.8935358985699542,False
THYM,119,knn_purity_k20,up,GONNECT-SL-both,GONNECT-SL-both,0.910325519681557,False
THYM,119,knn_purity_k20,up,GONNECT-R-enc,GONNECT-DPR-enc,0.7397941913607549,False
THYM,119,knn_purity_k20,up,GONNECT-R-dec,GONNECT-DPR-dec,0.8343396727111898,False
THYM,119,knn_purity_k20,up,GONNECT-R-both,GONNECT-DPR-both,0.7694447884416924,False
THYM,119,knn_purity_k20,up,Random,Random,0.011812746098877,False
MESO,87,knn_purity_k20,up,MLP,MLP,0.824180402930403,False
MESO,87,knn_purity_k20,up,GONNECT-enc,GONNECT-enc,0.3163836996336996,False
MESO,87,knn_purity_k20,up,GONNECT-dec,GONNECT-dec,0.67217673992674,False
MESO,87,knn_purity_k20,up,GONNECT-both,GONNECT-both,0.4434478021978022,False
MESO,87,knn_purity_k20,up,GONNECT-SL-enc,GONNECT-SL-enc,0.8038489010989011,False
MESO,87,knn_purity_k20,up,GONNECT-SL-dec,GONNECT-SL-dec,0.8864697802197803,False
MESO,87,knn_purity_k20,up,GONNECT-SL-both,GONNECT-SL-both,0.84275,False
MESO,87,knn_purity_k20,up,GONNECT-R-enc,GONNECT-DPR-enc,0.4119743589743589,False
MESO,87,knn_purity_k20,up,GONNECT-R-dec,GONNECT-DPR-dec,0.7601190476190476,False
MESO,87,knn_purity_k20,up,GONNECT-R-both,GONNECT-DPR-both,0.4890091575091574,False
MESO,87,knn_purity_k20,up,Random,Random,0.0086043459238734,False
UVM,77,knn_purity_k20,up,MLP,MLP,0.9362519392372332,False
UVM,77,knn_purity_k20,up,GONNECT-enc,GONNECT-enc,0.7929057853910795,False
UVM,77,knn_purity_k20,up,GONNECT-dec,GONNECT-dec,0.8821578862314157,False
UVM,77,knn_purity_k20,up,GONNECT-both,GONNECT-both,0.7852554945054944,False
UVM,77,knn_purity_k20,up,GONNECT-SL-enc,GONNECT-SL-enc,0.926669360051713,False
UVM,77,knn_purity_k20,up,GONNECT-SL-dec,GONNECT-SL-dec,0.971568196509373,False
UVM,77,knn_purity_k20,up,GONNECT-SL-both,GONNECT-SL-both,0.9552427278603748,False
UVM,77,knn_purity_k20,up,GONNECT-R-enc,GONNECT-DPR-enc,0.8894174208144797,False
UVM,77,knn_purity_k20,up,GONNECT-R-dec,GONNECT-DPR-dec,0.8829513574660635,False
UVM,77,knn_purity_k20,up,GONNECT-R-both,GONNECT-DPR-both,0.8419694570135746,False
UVM,77,knn_purity_k20,up,Random,Random,0.0078459967915998,False
ACC,76,knn_purity_k20,up,MLP,MLP,0.9322847152847152,False
ACC,76,knn_purity_k20,up,GONNECT-enc,GONNECT-enc,0.7683516483516484,False
ACC,76,knn_purity_k20,up,GONNECT-dec,GONNECT-dec,0.8745364635364636,False
ACC,76,knn_purity_k20,up,GONNECT-both,GONNECT-both,0.8528621378621379,False
ACC,76,knn_purity_k20,up,GONNECT-SL-enc,GONNECT-SL-enc,0.9651348651348652,False
ACC,76,knn_purity_k20,up,GONNECT-SL-dec,GONNECT-SL-dec,0.9674725274725277,False
ACC,76,knn_purity_k20,up,GONNECT-SL-both,GONNECT-SL-both,0.948726273726274,False
ACC,76,knn_purity_k20,up,GONNECT-R-enc,GONNECT-DPR-enc,0.805091908091908,False
ACC,76,knn_purity_k20,up,GONNECT-R-dec,GONNECT-DPR-dec,0.9014935064935063,False
ACC,76,knn_purity_k20,up,GONNECT-R-both,GONNECT-DPR-both,0.7544195804195805,False
ACC,76,knn_purity_k20,up,Random,Random,0.0076418258713723,False
KICH,65,knn_purity_k20,up,MLP,MLP,0.7407532467532467,False
KICH,65,knn_purity_k20,up,GONNECT-enc,GONNECT-enc,0.6693354978354977,False
KICH,65,knn_purity_k20,up,GONNECT-dec,GONNECT-dec,0.7398939393939395,False
KICH,65,knn_purity_k20,up,GONNECT-both,GONNECT-both,0.6014704184704185,False
KICH,65,knn_purity_k20,up,GONNECT-SL-enc,GONNECT-SL-enc,0.7438542568542568,False
KICH,65,knn_purity_k20,up,GONNECT-SL-dec,GONNECT-SL-dec,0.7736767676767677,False
KICH,65,knn_purity_k20,up,GONNECT-SL-both,GONNECT-SL-both,0.8030606060606061,False
KICH,65,knn_purity_k20,up,GONNECT-R-enc,GONNECT-DPR-enc,0.6172186147186147,False
KICH,65,knn_purity_k20,up,GONNECT-R-dec,GONNECT-DPR-dec,0.7259062049062049,False
KICH,65,knn_purity_k20,up,GONNECT-R-both,GONNECT-DPR-both,0.6378578643578644,False
KICH,65,knn_purity_k20,up,Random,Random,0.0062126294297797,False
UCS,53,knn_purity_k20,up,MLP,MLP,0.2932550505050505,False
UCS,53,knn_purity_k20,up,GONNECT-enc,GONNECT-enc,0.1410050505050505,False
UCS,53,knn_purity_k20,up,GONNECT-dec,GONNECT-dec,0.2219671717171717,False
UCS,53,knn_purity_k20,up,GONNECT-both,GONNECT-both,0.1178560606060606,False
UCS,53,knn_purity_k20,up,GONNECT-SL-enc,GONNECT-SL-enc,0.267719696969697,False
UCS,53,knn_purity_k20,up,GONNECT-SL-dec,GONNECT-SL-dec,0.335300505050505,False
UCS,53,knn_purity_k20,up,GONNECT-SL-both,GONNECT-SL-both,0.3055429292929293,False
UCS,53,knn_purity_k20,up,GONNECT-R-enc,GONNECT-DPR-enc,0.1246464646464646,False
UCS,53,knn_purity_k20,up,GONNECT-R-dec,GONNECT-DPR-dec,0.2305025252525252,False
UCS,53,knn_purity_k20,up,GONNECT-R-both,GONNECT-DPR-both,0.1181338383838383,False
UCS,53,knn_purity_k20,up,Random,Random,0.0052501093772786,False
DLBC,45,knn_purity_k20,up,MLP,MLP,0.856904761904762,False
DLBC,45,knn_purity_k20,up,GONNECT-enc,GONNECT-enc,0.8133333333333332,False
DLBC,45,knn_purity_k20,up,GONNECT-dec,GONNECT-dec,0.7842857142857144,False
DLBC,45,knn_purity_k20,up,GONNECT-both,GONNECT-both,0.7476190476190475,False
DLBC,45,knn_purity_k20,up,GONNECT-SL-enc,GONNECT-SL-enc,0.9024603174603176,False
DLBC,45,knn_purity_k20,up,GONNECT-SL-dec,GONNECT-SL-dec,0.8863492063492064,False
DLBC,45,knn_purity_k20,up,GONNECT-SL-both,GONNECT-SL-both,0.9173809523809524,False
DLBC,45,knn_purity_k20,up,GONNECT-R-enc,GONNECT-DPR-enc,0.8164285714285715,False
DLBC,45,knn_purity_k20,up,GONNECT-R-dec,GONNECT-DPR-dec,0.7484920634920634,False
DLBC,45,knn_purity_k20,up,GONNECT-R-both,GONNECT-DPR-both,0.7923015873015873,False
DLBC,45,knn_purity_k20,up,Random,Random,0.0046667638909143,False
CHOL,35,knn_purity_k20,up,MLP,MLP,0.518611111111111,False
CHOL,35,knn_purity_k20,up,GONNECT-enc,GONNECT-enc,0.2001666666666667,False
CHOL,35,knn_purity_k20,up,GONNECT-dec,GONNECT-dec,0.4767222222222222,False
CHOL,35,knn_purity_k20,up,GONNECT-both,GONNECT-both,0.2812777777777778,False
CHOL,35,knn_purity_k20,up,GONNECT-SL-enc,GONNECT-SL-enc,0.4662222222222222,False
CHOL,35,knn_purity_k20,up,GONNECT-SL-dec,GONNECT-SL-dec,0.540388888888889,False
CHOL,35,knn_purity_k20,up,GONNECT-SL-both,GONNECT-SL-both,0.4939999999999999,False
CHOL,35,knn_purity_k20,up,GONNECT-R-enc,GONNECT-DPR-enc,0.2361111111111111,False
CHOL,35,knn_purity_k20,up,GONNECT-R-dec,GONNECT-DPR-dec,0.3916111111111111,False
CHOL,35,knn_purity_k20,up,GONNECT-R-both,GONNECT-DPR-both,0.2652777777777778,False
CHOL,35,knn_purity_k20,up,Random,Random,0.003675076564095,False
BRCA,1060,knn_purity_k30,up,MLP,MLP,0.9731890268392116,False
BRCA,1060,knn_purity_k30,up,GONNECT-enc,GONNECT-enc,0.7926745488302624,False
BRCA,1060,knn_purity_k30,up,GONNECT-dec,GONNECT-dec,0.9530930271272148,False
BRCA,1060,knn_purity_k30,up,GONNECT-both,GONNECT-both,0.7849012049735926,False
BRCA,1060,knn_purity_k30,up,GONNECT-SL-enc,GONNECT-SL-enc,0.970682288353532,False
BRCA,1060,knn_purity_k30,up,GONNECT-SL-dec,GONNECT-SL-dec,0.9793103500596856,False
BRCA,1060,knn_purity_k30,up,GONNECT-SL-both,GONNECT-SL-both,0.9776634930720464,False
BRCA,1060,knn_purity_k30,up,GONNECT-R-enc,GONNECT-DPR-enc,0.8887841394621592,False
BRCA,1060,knn_purity_k30,up,GONNECT-R-dec,GONNECT-DPR-dec,0.9555781255209544,False
BRCA,1060,knn_purity_k30,up,GONNECT-R-both,GONNECT-DPR-both,0.8760844353891649,False
BRCA,1060,knn_purity_k30,up,Random,Random,0.107743911331486,False
LUAD,516,knn_purity_k30,up,MLP,MLP,0.9034011680563208,False
LUAD,516,knn_purity_k30,up,GONNECT-enc,GONNECT-enc,0.6864640465965672,False
LUAD,516,knn_purity_k30,up,GONNECT-dec,GONNECT-dec,0.8642577217362396,False
LUAD,516,knn_purity_k30,up,GONNECT-both,GONNECT-both,0.6052850700012968,False
LUAD,516,knn_purity_k30,up,GONNECT-SL-enc,GONNECT-SL-enc,0.8885462173226599,False
LUAD,516,knn_purity_k30,up,GONNECT-SL-dec,GONNECT-SL-dec,0.9157698846188468,False
LUAD,516,knn_purity_k30,up,GONNECT-SL-both,GONNECT-SL-both,0.8874912518937474,False
LUAD,516,knn_purity_k30,up,GONNECT-R-enc,GONNECT-DPR-enc,0.614106098518282,False
LUAD,516,knn_purity_k30,up,GONNECT-R-dec,GONNECT-DPR-dec,0.8347266008982881,False
LUAD,516,knn_purity_k30,up,GONNECT-R-both,GONNECT-DPR-both,0.6338845050567481,False
LUAD,516,knn_purity_k30,up,Random,Random,0.053055271984833,False
UCEC,513,knn_purity_k30,up,MLP,MLP,0.8495836975241801,False
UCEC,513,knn_purity_k30,up,GONNECT-enc,GONNECT-enc,0.5218576856836705,False
UCEC,513,knn_purity_k30,up,GONNECT-dec,GONNECT-dec,0.7141374398922707,False
UCEC,513,knn_purity_k30,up,GONNECT-both,GONNECT-both,0.5422274945872683,False
UCEC,513,knn_purity_k30,up,GONNECT-SL-enc,GONNECT-SL-enc,0.8029369826978987,False
UCEC,513,knn_purity_k30,up,GONNECT-SL-dec,GONNECT-SL-dec,0.8667951414483923,False
UCEC,513,knn_purity_k30,up,GONNECT-SL-both,GONNECT-SL-both,0.8333699639565445,False
UCEC,513,knn_purity_k30,up,GONNECT-R-enc,GONNECT-DPR-enc,0.6408994488700905,False
UCEC,513,knn_purity_k30,up,GONNECT-R-dec,GONNECT-DPR-dec,0.7369906685803984,False
UCEC,513,knn_purity_k30,up,GONNECT-R-both,GONNECT-DPR-both,0.6347956763669371,False
UCEC,513,knn_purity_k30,up,Random,Random,0.0524427592241504,False
LGG,511,knn_purity_k30,up,MLP,MLP,0.9953056804930868,False
LGG,511,knn_purity_k30,up,GONNECT-enc,GONNECT-enc,0.9921972347159752,False
LGG,511,knn_purity_k30,up,GONNECT-dec,GONNECT-dec,0.9948025987006496,False
LGG,511,knn_purity_k30,up,GONNECT-both,GONNECT-both,0.9897334381777686,False
LGG,511,knn_purity_k30,up,GONNECT-SL-enc,GONNECT-SL-enc,0.9948225887056472,False
LGG,511,knn_purity_k30,up,GONNECT-SL-dec,GONNECT-SL-dec,0.994714879402404,False
LGG,511,knn_purity_k30,up,GONNECT-SL-both,GONNECT-SL-both,0.994811497759892,False
LGG,511,knn_purity_k30,up,GONNECT-R-enc,GONNECT-DPR-enc,0.9902261689667988,False
LGG,511,knn_purity_k30,up,GONNECT-R-dec,GONNECT-DPR-dec,0.9950524737631185,False
LGG,511,knn_purity_k30,up,GONNECT-R-both,GONNECT-DPR-both,0.9923508792162624,False
LGG,511,knn_purity_k30,up,Random,Random,0.0519469155607408,False
KIRC,508,knn_purity_k30,up,MLP,MLP,0.9235799032755684,False
KIRC,508,knn_purity_k30,up,GONNECT-enc,GONNECT-enc,0.871699885541607,False
KIRC,508,knn_purity_k30,up,GONNECT-dec,GONNECT-dec,0.9048697610056544,False
KIRC,508,knn_purity_k30,up,GONNECT-both,GONNECT-both,0.8719259390455054,False
KIRC,508,knn_purity_k30,up,GONNECT-SL-enc,GONNECT-SL-enc,0.915572053460034,False
KIRC,508,knn_purity_k30,up,GONNECT-SL-dec,GONNECT-SL-dec,0.9229116311169128,False
KIRC,508,knn_purity_k30,up,GONNECT-SL-both,GONNECT-SL-both,0.9169457284404724,False
KIRC,508,knn_purity_k30,up,GONNECT-R-enc,GONNECT-DPR-enc,0.8573177570130612,False
KIRC,508,knn_purity_k30,up,GONNECT-R-dec,GONNECT-DPR-dec,0.9095548156907788,False
KIRC,508,knn_purity_k30,up,GONNECT-R-both,GONNECT-DPR-both,0.8635087521841947,False
KIRC,508,knn_purity_k30,up,Random,Random,0.0515385737202858,False
HNSC,498,knn_purity_k30,up,MLP,MLP,0.7256160648534917,False
HNSC,498,knn_purity_k30,up,GONNECT-enc,GONNECT-enc,0.6345469290510226,False
HNSC,498,knn_purity_k30,up,GONNECT-dec,GONNECT-dec,0.6673675546891921,False
HNSC,498,knn_purity_k30,up,GONNECT-both,GONNECT-both,0.6495470342522974,False
HNSC,498,knn_purity_k30,up,GONNECT-SL-enc,GONNECT-SL-enc,0.6957194034468888,False
HNSC,498,knn_purity_k30,up,GONNECT-SL-dec,GONNECT-SL-dec,0.7321724001361429,False
HNSC,498,knn_purity_k30,up,GONNECT-SL-both,GONNECT-SL-both,0.7299201212908815,False
HNSC,498,knn_purity_k30,up,GONNECT-R-enc,GONNECT-DPR-enc,0.5666095547510752,False
HNSC,498,knn_purity_k30,up,GONNECT-R-dec,GONNECT-DPR-dec,0.6441852099384263,False
HNSC,498,knn_purity_k30,up,GONNECT-R-both,GONNECT-DPR-both,0.5681467062718524,False
HNSC,498,knn_purity_k30,up,Random,Random,0.0508093918623304,False
THCA,497,knn_purity_k30,up,MLP,MLP,0.9956877718394402,False
THCA,497,knn_purity_k30,up,GONNECT-enc,GONNECT-enc,0.9647368619371244,False
THCA,497,knn_purity_k30,up,GONNECT-dec,GONNECT-dec,0.9929281220408622,False
THCA,497,knn_purity_k30,up,GONNECT-both,GONNECT-both,0.9556777991931624,False
THCA,497,knn_purity_k30,up,GONNECT-SL-enc,GONNECT-SL-enc,0.9948035052241322,False
THCA,497,knn_purity_k30,up,GONNECT-SL-dec,GONNECT-SL-dec,0.9979631903317444,False
THCA,497,knn_purity_k30,up,GONNECT-SL-both,GONNECT-SL-both,0.9971736081018184,False
THCA,497,knn_purity_k30,up,GONNECT-R-enc,GONNECT-DPR-enc,0.9550911395883024,False
THCA,497,knn_purity_k30,up,GONNECT-R-dec,GONNECT-DPR-dec,0.9858109843195788,False
THCA,497,knn_purity_k30,up,GONNECT-R-both,GONNECT-DPR-both,0.9596655944601704,False
THCA,497,knn_purity_k30,up,Random,Random,0.051976082835059,False
PRAD,477,knn_purity_k30,up,MLP,MLP,0.9950743629640108,False
PRAD,477,knn_purity_k30,up,GONNECT-enc,GONNECT-enc,0.9672802939107626,False
PRAD,477,knn_purity_k30,up,GONNECT-dec,GONNECT-dec,0.9860796774910584,False
PRAD,477,knn_purity_k30,up,GONNECT-both,GONNECT-both,0.9709110973829588,False
PRAD,477,knn_purity_k30,up,GONNECT-SL-enc,GONNECT-SL-enc,0.9949891611746038,False
PRAD,477,knn_purity_k30,up,GONNECT-SL-dec,GONNECT-SL-dec,0.9968413253312316,False
PRAD,477,knn_purity_k30,up,GONNECT-SL-both,GONNECT-SL-both,0.99981220657277,False
PRAD,477,knn_purity_k30,up,GONNECT-R-enc,GONNECT-DPR-enc,0.9680253861764564,False
PRAD,477,knn_purity_k30,up,GONNECT-R-dec,GONNECT-DPR-dec,0.9941483621961325,False
PRAD,477,knn_purity_k30,up,GONNECT-R-both,GONNECT-DPR-both,0.9403526091989528,False
PRAD,477,knn_purity_k30,up,Random,Random,0.0480676680764182,False
LUSC,460,knn_purity_k30,up,MLP,MLP,0.7028577497101686,False
LUSC,460,knn_purity_k30,up,GONNECT-enc,GONNECT-enc,0.4927831714139124,False
LUSC,460,knn_purity_k30,up,GONNECT-dec,GONNECT-dec,0.6116997322753599,False
LUSC,460,knn_purity_k30,up,GONNECT-both,GONNECT-both,0.447874066700766,False
LUSC,460,knn_purity_k30,up,GONNECT-SL-enc,GONNECT-SL-enc,0.6867387019597675,False
LUSC,460,knn_purity_k30,up,GONNECT-SL-dec,GONNECT-SL-dec,0.7368096764422545,False
LUSC,460,knn_purity_k30,up,GONNECT-SL-both,GONNECT-SL-both,0.7066091553893147,False
LUSC,460,knn_purity_k30,up,GONNECT-R-enc,GONNECT-DPR-enc,0.5116231715925531,False
LUSC,460,knn_purity_k30,up,GONNECT-R-dec,GONNECT-DPR-dec,0.6158187069932325,False
LUSC,460,knn_purity_k30,up,GONNECT-R-both,GONNECT-DPR-both,0.4882893039133088,False
LUSC,460,knn_purity_k30,up,Random,Random,0.0469009771036896,False
SKCM,440,knn_purity_k30,up,MLP,MLP,0.914015310336065,False
SKCM,440,knn_purity_k30,up,GONNECT-enc,GONNECT-enc,0.8068471326018496,False
SKCM,440,knn_purity_k30,up,GONNECT-dec,GONNECT-dec,0.9183415920208372,False
SKCM,440,knn_purity_k30,up,GONNECT-both,GONNECT-both,0.7927117990325537,False
SKCM,440,knn_purity_k30,up,GONNECT-SL-enc,GONNECT-SL-enc,0.9205948070099014,False
SKCM,440,knn_purity_k30,up,GONNECT-SL-dec,GONNECT-SL-dec,0.9518839790537904,False
SKCM,440,knn_purity_k30,up,GONNECT-SL-both,GONNECT-SL-both,0.9357109277863996,False
SKCM,440,knn_purity_k30,up,GONNECT-R-enc,GONNECT-DPR-enc,0.8676744534291704,False
SKCM,440,knn_purity_k30,up,GONNECT-R-dec,GONNECT-DPR-dec,0.9155455271493008,False
SKCM,440,knn_purity_k30,up,GONNECT-R-both,GONNECT-DPR-both,0.8677177888498642,False
SKCM,440,knn_purity_k30,up,Random,Random,0.044509260609596,False
COAD,433,knn_purity_k30,up,MLP,MLP,0.6677764110241327,False
COAD,433,knn_purity_k30,up,GONNECT-enc,GONNECT-enc,0.5925417548296587,False
COAD,433,knn_purity_k30,up,GONNECT-dec,GONNECT-dec,0.6297190929606008,False
COAD,433,knn_purity_k30,up,GONNECT-both,GONNECT-both,0.6203238780856843,False
COAD,433,knn_purity_k30,up,GONNECT-SL-enc,GONNECT-SL-enc,0.6524257480802634,False
COAD,433,knn_purity_k30,up,GONNECT-SL-dec,GONNECT-SL-dec,0.6944263977735394,False
COAD,433,knn_purity_k30,up,GONNECT-SL-both,GONNECT-SL-both,0.6743142237305453,False
COAD,433,knn_purity_k30,up,GONNECT-R-enc,GONNECT-DPR-enc,0.622720536787231,False
COAD,433,knn_purity_k30,up,GONNECT-R-dec,GONNECT-DPR-dec,0.6452062517783312,False
COAD,433,knn_purity_k30,up,GONNECT-R-both,GONNECT-DPR-both,0.6026860272556214,False
COAD,433,knn_purity_k30,up,Random,Random,0.0434592387341402,False
OV,403,knn_purity_k30,up,MLP,MLP,0.9070698936807426,False
OV,403,knn_purity_k30,up,GONNECT-enc,GONNECT-enc,0.6720288946291305,False
OV,403,knn_purity_k30,up,GONNECT-dec,GONNECT-dec,0.8249522374463414,False
OV,403,knn_purity_k30,up,GONNECT-both,GONNECT-both,0.6493704951582311,False
OV,403,knn_purity_k30,up,GONNECT-SL-enc,GONNECT-SL-enc,0.8953383810022961,False
OV,403,knn_purity_k30,up,GONNECT-SL-dec,GONNECT-SL-dec,0.924689452930019,False
OV,403,knn_purity_k30,up,GONNECT-SL-both,GONNECT-SL-both,0.921912055755216,False
OV,403,knn_purity_k30,up,GONNECT-R-enc,GONNECT-DPR-enc,0.7346533767595089,False
OV,403,knn_purity_k30,up,GONNECT-R-dec,GONNECT-DPR-dec,0.8542488519516821,False
OV,403,knn_purity_k30,up,GONNECT-R-both,GONNECT-DPR-both,0.6979357280123789,False
OV,403,knn_purity_k30,up,Random,Random,0.0407466822225463,False
STAD,397,knn_purity_k30,up,MLP,MLP,0.6956676524517789,False
STAD,397,knn_purity_k30,up,GONNECT-enc,GONNECT-enc,0.3764396690610341,False
STAD,397,knn_purity_k30,up,GONNECT-dec,GONNECT-dec,0.521953823867126,False
STAD,397,knn_purity_k30,up,GONNECT-both,GONNECT-both,0.3973541238306318,False
STAD,397,knn_purity_k30,up,GONNECT-SL-enc,GONNECT-SL-enc,0.6299532920327201,False
STAD,397,knn_purity_k30,up,GONNECT-SL-dec,GONNECT-SL-dec,0.7304768373877362,False
STAD,397,knn_purity_k30,up,GONNECT-SL-both,GONNECT-SL-both,0.6873390477716359,False
STAD,397,knn_purity_k30,up,GONNECT-R-enc,GONNECT-DPR-enc,0.3873040891167543,False
STAD,397,knn_purity_k30,up,GONNECT-R-dec,GONNECT-DPR-dec,0.5283527486270216,False
STAD,397,knn_purity_k30,up,GONNECT-R-both,GONNECT-DPR-both,0.3849435009390549,False
STAD,397,knn_purity_k30,up,Random,Random,0.041388362257547,False
BLCA,387,knn_purity_k30,up,MLP,MLP,0.7211140382250059,False
BLCA,387,knn_purity_k30,up,GONNECT-enc,GONNECT-enc,0.4528923260008337,False
BLCA,387,knn_purity_k30,up,GONNECT-dec,GONNECT-dec,0.5835956190716732,False
BLCA,387,knn_purity_k30,up,GONNECT-both,GONNECT-both,0.4821974219833229,False
BLCA,387,knn_purity_k30,up,GONNECT-SL-enc,GONNECT-SL-enc,0.6544441051166399,False
BLCA,387,knn_purity_k30,up,GONNECT-SL-dec,GONNECT-SL-dec,0.7201041072266218,False
BLCA,387,knn_purity_k30,up,GONNECT-SL-both,GONNECT-SL-both,0.6918974904754136,False
BLCA,387,knn_purity_k30,up,GONNECT-R-enc,GONNECT-DPR-enc,0.4228977264466679,False
BLCA,387,knn_purity_k30,up,GONNECT-R-dec,GONNECT-DPR-dec,0.5677037454661746,False
BLCA,387,knn_purity_k30,up,GONNECT-R-both,GONNECT-DPR-both,0.4220851627273453,False
BLCA,387,knn_purity_k30,up,Random,Random,0.0387049730202712,False
LIHC,362,knn_purity_k30,up,MLP,MLP,0.9448838692172028,False
LIHC,362,knn_purity_k30,up,GONNECT-enc,GONNECT-enc,0.9513447293447296,False
LIHC,362,knn_purity_k30,up,GONNECT-dec,GONNECT-dec,0.9441800298466966,False
LIHC,362,knn_purity_k30,up,GONNECT-both,GONNECT-both,0.9510584181250848,False
LIHC,362,knn_purity_k30,up,GONNECT-SL-enc,GONNECT-SL-enc,0.9506734771401438,False
LIHC,362,knn_purity_k30,up,GONNECT-SL-dec,GONNECT-SL-dec,0.9553171618504952,False
LIHC,362,knn_purity_k30,up,GONNECT-SL-both,GONNECT-SL-both,0.9571823904490572,False
LIHC,362,knn_purity_k30,up,GONNECT-R-enc,GONNECT-DPR-enc,0.9362585537918872,False
LIHC,362,knn_purity_k30,up,GONNECT-R-dec,GONNECT-DPR-dec,0.9443008004341336,False
LIHC,362,knn_purity_k30,up,GONNECT-R-both,GONNECT-DPR-both,0.9399068783068782,False
LIHC,362,knn_purity_k30,up,Random,Random,0.0380632929852705,False
CESC,293,knn_purity_k30,up,MLP,MLP,0.5798606345856954,False
CESC,293,knn_purity_k30,up,GONNECT-enc,GONNECT-enc,0.3622285815493645,False
CESC,293,knn_purity_k30,up,GONNECT-dec,GONNECT-dec,0.4279607381932277,False
CESC,293,knn_purity_k30,up,GONNECT-both,GONNECT-both,0.3346462736316907,False
CESC,293,knn_purity_k30,up,GONNECT-SL-enc,GONNECT-SL-enc,0.5212561942809367,False
CESC,293,knn_purity_k30,up,GONNECT-SL-dec,GONNECT-SL-dec,0.5915086186125744,False
CESC,293,knn_purity_k30,up,GONNECT-SL-both,GONNECT-SL-both,0.5650884748626182,False
CESC,293,knn_purity_k30,up,GONNECT-R-enc,GONNECT-DPR-enc,0.3502600911846287,False
CESC,293,knn_purity_k30,up,GONNECT-R-dec,GONNECT-DPR-dec,0.4042040740491649,False
CESC,293,knn_purity_k30,up,GONNECT-R-both,GONNECT-DPR-both,0.295189727103826,False
CESC,293,knn_purity_k30,up,Random,Random,0.0304214671138982,False
KIRP,282,knn_purity_k30,up,MLP,MLP,0.859913472396794,False
KIRP,282,knn_purity_k30,up,GONNECT-enc,GONNECT-enc,0.7450604413555496,False
KIRP,282,knn_purity_k30,up,GONNECT-dec,GONNECT-dec,0.8248223885473284,False
KIRP,282,knn_purity_k30,up,GONNECT-both,GONNECT-both,0.7415559201816432,False
KIRP,282,knn_purity_k30,up,GONNECT-SL-enc,GONNECT-SL-enc,0.8743895325139673,False
KIRP,282,knn_purity_k30,up,GONNECT-SL-dec,GONNECT-SL-dec,0.8778642927422979,False
KIRP,282,knn_purity_k30,up,GONNECT-SL-both,GONNECT-SL-both,0.8879284435521532,False
KIRP,282,knn_purity_k30,up,GONNECT-R-enc,GONNECT-DPR-enc,0.7408567133223756,False
KIRP,282,knn_purity_k30,up,GONNECT-R-dec,GONNECT-DPR-dec,0.8132600637116155,False
KIRP,282,knn_purity_k30,up,GONNECT-R-both,GONNECT-DPR-both,0.7417600317989337,False
KIRP,282,knn_purity_k30,up,Random,Random,0.0289631033979874,False
SARC,250,knn_purity_k30,up,MLP,MLP,0.8460351859804665,False
SARC,250,knn_purity_k30,up,GONNECT-enc,GONNECT-enc,0.5140132513867124,False
SARC,250,knn_purity_k30,up,GONNECT-dec,GONNECT-dec,0.7899644430287385,False
SARC,250,knn_purity_k30,up,GONNECT-both,GONNECT-both,0.4648044129576277,False
SARC,250,knn_purity_k30,up,GONNECT-SL-enc,GONNECT-SL-enc,0.8096930256574579,False
SARC,250,knn_purity_k30,up,GONNECT-SL-dec,GONNECT-SL-dec,0.8410342932641154,False
SARC,250,knn_purity_k30,up,GONNECT-SL-both,GONNECT-SL-both,0.8354346801816022,False
SARC,250,knn_purity_k30,up,GONNECT-R-enc,GONNECT-DPR-enc,0.5620780761820433,False
SARC,250,knn_purity_k30,up,GONNECT-R-dec,GONNECT-DPR-dec,0.8129123219820895,False
SARC,250,knn_purity_k30,up,GONNECT-R-both,GONNECT-DPR-both,0.5800651698736514,False
SARC,250,knn_purity_k30,up,Random,Random,0.0261338777891206,False
ESCA,180,knn_purity_k30,up,MLP,MLP,0.2435366954569853,False
ESCA,180,knn_purity_k30,up,GONNECT-enc,GONNECT-enc,0.1465965207631874,False
ESCA,180,knn_purity_k30,up,GONNECT-dec,GONNECT-dec,0.1597468647830966,False
ESCA,180,knn_purity_k30,up,GONNECT-both,GONNECT-both,0.150513468013468,False
ESCA,180,knn_purity_k30,up,GONNECT-SL-enc,GONNECT-SL-enc,0.2069073586102571,False
ESCA,180,knn_purity_k30,up,GONNECT-SL-dec,GONNECT-SL-dec,0.2460995217879276,False
ESCA,180,knn_purity_k30,up,GONNECT-SL-both,GONNECT-SL-both,0.2559549602303225,False
ESCA,180,knn_purity_k30,up,GONNECT-R-enc,GONNECT-DPR-enc,0.1334632557458644,False
ESCA,180,knn_purity_k30,up,GONNECT-R-dec,GONNECT-DPR-dec,0.1465454057483043,False
ESCA,180,knn_purity_k30,up,GONNECT-R-both,GONNECT-DPR-both,0.1218106182598936,False
ESCA,180,knn_purity_k30,up,Random,Random,0.0186670555636575,False
PCPG,177,knn_purity_k30,up,MLP,MLP,0.951294695509388,False
PCPG,177,knn_purity_k30,up,GONNECT-enc,GONNECT-enc,0.957217419861498,False
PCPG,177,knn_purity_k30,up,GONNECT-dec,GONNECT-dec,0.987256371814093,False
PCPG,177,knn_purity_k30,up,GONNECT-both,GONNECT-both,0.9657581637752554,False
PCPG,177,knn_purity_k30,up,GONNECT-SL-enc,GONNECT-SL-enc,0.9816441779110444,False
PCPG,177,knn_purity_k30,up,GONNECT-SL-dec,GONNECT-SL-dec,0.9778421503533948,False
PCPG,177,knn_purity_k30,up,GONNECT-SL-both,GONNECT-SL-both,0.9830120653958736,False
PCPG,177,knn_purity_k30,up,GONNECT-R-enc,GONNECT-DPR-enc,0.9311027771828372,False
PCPG,177,knn_purity_k30,up,GONNECT-R-dec,GONNECT-DPR-dec,0.9821489255372312,False
PCPG,177,knn_purity_k30,up,GONNECT-R-both,GONNECT-DPR-both,0.9740686799457414,False
PCPG,177,knn_purity_k30,up,Random,Random,0.0180253755286568,False
PAAD,173,knn_purity_k30,up,MLP,MLP,0.7183366881374128,False
PAAD,173,knn_purity_k30,up,GONNECT-enc,GONNECT-enc,0.5890660225442834,False
PAAD,173,knn_purity_k30,up,GONNECT-dec,GONNECT-dec,0.6756347289318303,False
PAAD,173,knn_purity_k30,up,GONNECT-both,GONNECT-both,0.5468709742351047,False
PAAD,173,knn_purity_k30,up,GONNECT-SL-enc,GONNECT-SL-enc,0.7443538647342994,False
PAAD,173,knn_purity_k30,up,GONNECT-SL-dec,GONNECT-SL-dec,0.7869924181427805,False
PAAD,173,knn_purity_k30,up,GONNECT-SL-both,GONNECT-SL-both,0.7516857890499195,False
PAAD,173,knn_purity_k30,up,GONNECT-R-enc,GONNECT-DPR-enc,0.6117065888352121,False
PAAD,173,knn_purity_k30,up,GONNECT-R-dec,GONNECT-DPR-dec,0.641027576489533,False
PAAD,173,knn_purity_k30,up,GONNECT-R-both,GONNECT-DPR-both,0.6202257783145464,False
PAAD,173,knn_purity_k30,up,Random,Random,0.0175295318652471,False
READ,148,knn_purity_k30,up,MLP,MLP,0.2997121138665256,False
READ,148,knn_purity_k30,up,GONNECT-enc,GONNECT-enc,0.2495971920236626,False
READ,148,knn_purity_k30,up,GONNECT-dec,GONNECT-dec,0.2586361065405183,False
READ,148,knn_purity_k30,up,GONNECT-both,GONNECT-both,0.2273967454114513,False
READ,148,knn_purity_k30,up,GONNECT-SL-enc,GONNECT-SL-enc,0.2945640266596149,False
READ,148,knn_purity_k30,up,GONNECT-SL-dec,GONNECT-SL-dec,0.2970716538363597,False
READ,148,knn_purity_k30,up,GONNECT-SL-both,GONNECT-SL-both,0.303944107363225,False
READ,148,knn_purity_k30,up,GONNECT-R-enc,GONNECT-DPR-enc,0.2456377813363107,False
READ,148,knn_purity_k30,up,GONNECT-R-dec,GONNECT-DPR-dec,0.2714930535151123,False
READ,148,knn_purity_k30,up,GONNECT-R-both,GONNECT-DPR-both,0.2087224785018902,False
READ,148,knn_purity_k30,up,Random,Random,0.0147878080793349,False
TGCT,138,knn_purity_k30,up,MLP,MLP,0.8946481481481483,False
TGCT,138,knn_purity_k30,up,GONNECT-enc,GONNECT-enc,0.8637314814814815,False
TGCT,138,knn_purity_k30,up,GONNECT-dec,GONNECT-dec,0.8335925925925928,False
TGCT,138,knn_purity_k30,up,GONNECT-both,GONNECT-both,0.7715648148148149,False
TGCT,138,knn_purity_k30,up,GONNECT-SL-enc,GONNECT-SL-enc,0.9199351851851852,False
TGCT,138,knn_purity_k30,up,GONNECT-SL-dec,GONNECT-SL-dec,0.913212962962963,False
TGCT,138,knn_purity_k30,up,GONNECT-SL-both,GONNECT-SL-both,0.932574074074074,False
TGCT,138,knn_purity_k30,up,GONNECT-R-enc,GONNECT-DPR-enc,0.8093240740740741,False
TGCT,138,knn_purity_k30,up,GONNECT-R-dec,GONNECT-DPR-dec,0.7991203703703704,False
TGCT,138,knn_purity_k30,up,GONNECT-R-both,GONNECT-DPR-both,0.8162222222222223,False
TGCT,138,knn_purity_k30,up,Random,Random,0.0144378007875164,False
LAML,137,knn_purity_k30,up,MLP,MLP,0.9850420168067228,False
LAML,137,knn_purity_k30,up,GONNECT-enc,GONNECT-enc,0.9766505020980724,False
LAML,137,knn_purity_k30,up,GONNECT-dec,GONNECT-dec,0.9800055358111625,False
LAML,137,knn_purity_k30,up,GONNECT-both,GONNECT-both,0.9771167281141706,False
LAML,137,knn_purity_k30,up,GONNECT-SL-enc,GONNECT-SL-enc,0.9984313725490196,False
LAML,137,knn_purity_k30,up,GONNECT-SL-dec,GONNECT-SL-dec,0.9967787114845938,False
LAML,137,knn_purity_k30,up,GONNECT-SL-both,GONNECT-SL-both,1.0,False
LAML,137,knn_purity_k30,up,GONNECT-R-enc,GONNECT-DPR-enc,0.955464731347084,False
LAML,137,knn_purity_k30,up,GONNECT-R-dec,GONNECT-DPR-dec,0.9793557422969188,False
LAML,137,knn_purity_k30,up,GONNECT-R-both,GONNECT-DPR-both,0.9385693249631868,False
LAML,137,knn_purity_k30,up,Random,Random,0.0139711243984249,False
THYM,119,knn_purity_k30,up,MLP,MLP,0.8066529067767458,False
THYM,119,knn_purity_k30,up,GONNECT-enc,GONNECT-enc,0.6946456336920732,False
THYM,119,knn_purity_k30,up,GONNECT-dec,GONNECT-dec,0.8084802201582386,False
THYM,119,knn_purity_k30,up,GONNECT-both,GONNECT-both,0.6588111455108359,False
THYM,119,knn_purity_k30,up,GONNECT-SL-enc,GONNECT-SL-enc,0.8563382967221976,False
THYM,119,knn_purity_k30,up,GONNECT-SL-dec,GONNECT-SL-dec,0.8759563614919653,False
THYM,119,knn_purity_k30,up,GONNECT-SL-both,GONNECT-SL-both,0.897813946631284,False
THYM,119,knn_purity_k30,up,GONNECT-R-enc,GONNECT-DPR-enc,0.7009289891395155,False
THYM,119,knn_purity_k30,up,GONNECT-R-dec,GONNECT-DPR-dec,0.795983881271807,False
THYM,119,knn_purity_k30,up,GONNECT-R-both,GONNECT-DPR-both,0.7269717430831981,False
THYM,119,knn_purity_k30,up,Random,Random,0.011812746098877,False
MESO,87,knn_purity_k30,up,MLP,MLP,0.7949279609279609,False
MESO,87,knn_purity_k30,up,GONNECT-enc,GONNECT-enc,0.2490811965811966,False
MESO,87,knn_purity_k30,up,GONNECT-dec,GONNECT-dec,0.6079047619047618,False
MESO,87,knn_purity_k30,up,GONNECT-both,GONNECT-both,0.3712271062271062,False
MESO,87,knn_purity_k30,up,GONNECT-SL-enc,GONNECT-SL-enc,0.7646935286935287,False
MESO,87,knn_purity_k30,up,GONNECT-SL-dec,GONNECT-SL-dec,0.869947496947497,False
MESO,87,knn_purity_k30,up,GONNECT-SL-both,GONNECT-SL-both,0.8257258852258852,False
MESO,87,knn_purity_k30,up,GONNECT-R-enc,GONNECT-DPR-enc,0.3439413919413919,False
MESO,87,knn_purity_k30,up,GONNECT-R-dec,GONNECT-DPR-dec,0.6941825396825397,False
MESO,87,knn_purity_k30,up,GONNECT-R-both,GONNECT-DPR-both,0.4360311355311356,False
MESO,87,knn_purity_k30,up,Random,Random,0.0086043459238734,False
UVM,77,knn_purity_k30,up,MLP,MLP,0.9180533290239172,False
UVM,77,knn_purity_k30,up,GONNECT-enc,GONNECT-enc,0.7313853695324284,False
UVM,77,knn_purity_k30,up,GONNECT-dec,GONNECT-dec,0.8272875457875457,False
UVM,77,knn_purity_k30,up,GONNECT-both,GONNECT-both,0.7384701572936867,False
UVM,77,knn_purity_k30,up,GONNECT-SL-enc,GONNECT-SL-enc,0.902648136177548,False
UVM,77,knn_purity_k30,up,GONNECT-SL-dec,GONNECT-SL-dec,0.9594107950872656,False
UVM,77,knn_purity_k30,up,GONNECT-SL-both,GONNECT-SL-both,0.938714070243482,False
UVM,77,knn_purity_k30,up,GONNECT-R-enc,GONNECT-DPR-enc,0.8555005386770093,False
UVM,77,knn_purity_k30,up,GONNECT-R-dec,GONNECT-DPR-dec,0.8390349062702004,False
UVM,77,knn_purity_k30,up,GONNECT-R-both,GONNECT-DPR-both,0.8006236802413274,False
UVM,77,knn_purity_k30,up,Random,Random,0.0078459967915998,False
ACC,76,knn_purity_k30,up,MLP,MLP,0.8977455877455878,False
ACC,76,knn_purity_k30,up,GONNECT-enc,GONNECT-enc,0.6562091242091243,False
ACC,76,knn_purity_k30,up,GONNECT-dec,GONNECT-dec,0.847110889110889,False
ACC,76,knn_purity_k30,up,GONNECT-both,GONNECT-both,0.7871508491508491,False
ACC,76,knn_purity_k30,up,GONNECT-SL-enc,GONNECT-SL-enc,0.9624642024642024,False
ACC,76,knn_purity_k30,up,GONNECT-SL-dec,GONNECT-SL-dec,0.9556010656010656,False
ACC,76,knn_purity_k30,up,GONNECT-SL-both,GONNECT-SL-both,0.9381385281385282,False
ACC,76,knn_purity_k30,up,GONNECT-R-enc,GONNECT-DPR-enc,0.7288924408924409,False
ACC,76,knn_purity_k30,up,GONNECT-R-dec,GONNECT-DPR-dec,0.8892387612387612,False
ACC,76,knn_purity_k30,up,GONNECT-R-both,GONNECT-DPR-both,0.6771781551781552,False
ACC,76,knn_purity_k30,up,Random,Random,0.0076418258713723,False
KICH,65,knn_purity_k30,up,MLP,MLP,0.7394232804232803,False
KICH,65,knn_purity_k30,up,GONNECT-enc,GONNECT-enc,0.6466979316979315,False
KICH,65,knn_purity_k30,up,GONNECT-dec,GONNECT-dec,0.7212111592111593,False
KICH,65,knn_purity_k30,up,GONNECT-both,GONNECT-both,0.5632260702260702,False
KICH,65,knn_purity_k30,up,GONNECT-SL-enc,GONNECT-SL-enc,0.7493443963443964,False
KICH,65,knn_purity_k30,up,GONNECT-SL-dec,GONNECT-SL-dec,0.7657465127465126,False
KICH,65,knn_purity_k30,up,GONNECT-SL-both,GONNECT-SL-both,0.782146224146224,False
KICH,65,knn_purity_k30,up,GONNECT-R-enc,GONNECT-DPR-enc,0.5433857623857624,False
KICH,65,knn_purity_k30,up,GONNECT-R-dec,GONNECT-DPR-dec,0.7060307840307841,False
KICH,65,knn_purity_k30,up,GONNECT-R-both,GONNECT-DPR-both,0.5539167869167869,False
KICH,65,knn_purity_k30,up,Random,Random,0.0062126294297797,False
UCS,53,knn_purity_k30,up,MLP,MLP,0.237962962962963,False
UCS,53,knn_purity_k30,up,GONNECT-enc,GONNECT-enc,0.12706734006734,False
UCS,53,knn_purity_k30,up,GONNECT-dec,GONNECT-dec,0.1852424242424242,False
UCS,53,knn_purity_k30,up,GONNECT-both,GONNECT-both,0.0891851851851851,False
UCS,53,knn_purity_k30,up,GONNECT-SL-enc,GONNECT-SL-enc,0.2106313131313131,False
UCS,53,knn_purity_k30,up,GONNECT-SL-dec,GONNECT-SL-dec,0.2837474747474747,False
UCS,53,knn_purity_k30,up,GONNECT-SL-both,GONNECT-SL-both,0.2683451178451178,False
UCS,53,knn_purity_k30,up,GONNECT-R-enc,GONNECT-DPR-enc,0.1087626262626262,False
UCS,53,knn_purity_k30,up,GONNECT-R-dec,GONNECT-DPR-dec,0.1887912457912458,False
UCS,53,knn_purity_k30,up,GONNECT-R-both,GONNECT-DPR-both,0.1007037037037037,False
UCS,53,knn_purity_k30,up,Random,Random,0.0052501093772786,False
DLBC,45,knn_purity_k30,up,MLP,MLP,0.8122222222222222,False
DLBC,45,knn_purity_k30,up,GONNECT-enc,GONNECT-enc,0.6764550264550264,False
DLBC,45,knn_purity_k30,up,GONNECT-dec,GONNECT-dec,0.6947619047619048,False
DLBC,45,knn_purity_k30,up,GONNECT-both,GONNECT-both,0.6332804232804232,False
DLBC,45,knn_purity_k30,up,GONNECT-SL-enc,GONNECT-SL-enc,0.8425396825396826,False
DLBC,45,knn_purity_k30,up,GONNECT-SL-dec,GONNECT-SL-dec,0.8274074074074074,False
DLBC,45,knn_purity_k30,up,GONNECT-SL-both,GONNECT-SL-both,0.8747089947089947,False
DLBC,45,knn_purity_k30,up,GONNECT-R-enc,GONNECT-DPR-enc,0.7296296296296296,False
DLBC,45,knn_purity_k30,up,GONNECT-R-dec,GONNECT-DPR-dec,0.6473015873015873,False
DLBC,45,knn_purity_k30,up,GONNECT-R-both,GONNECT-DPR-both,0.6583597883597883,False
DLBC,45,knn_purity_k30,up,Random,Random,0.0046667638909143,False
CHOL,35,knn_purity_k30,up,MLP,MLP,0.4192962962962963,False
CHOL,35,knn_purity_k30,up,GONNECT-enc,GONNECT-enc,0.1472222222222222,False
CHOL,35,knn_purity_k30,up,GONNECT-dec,GONNECT-dec,0.3913333333333333,False
CHOL,35,knn_purity_k30,up,GONNECT-both,GONNECT-both,0.216,False
CHOL,35,knn_purity_k30,up,GONNECT-SL-enc,GONNECT-SL-enc,0.3747037037037037,False
CHOL,35,knn_purity_k30,up,GONNECT-SL-dec,GONNECT-SL-dec,0.4731111111111111,False
CHOL,35,knn_purity_k30,up,GONNECT-SL-both,GONNECT-SL-both,0.3903333333333333,False
CHOL,35,knn_purity_k30,up,GONNECT-R-enc,GONNECT-DPR-enc,0.1754814814814815,False
CHOL,35,knn_purity_k30,up,GONNECT-R-dec,GONNECT-DPR-dec,0.306962962962963,False
CHOL,35,knn_purity_k30,up,GONNECT-R-both,GONNECT-DPR-both,0.206074074074074,False
CHOL,35,knn_purity_k30,up,Random,Random,0.003675076564095,False
BRCA,1060,SS,up,MLP,MLP,0.2732475696780455,False
BRCA,1060,SS,up,GONNECT-enc,GONNECT-enc,-0.0866294135460057,False
BRCA,1060,SS,up,GONNECT-dec,GONNECT-dec,0.2413118113257328,False
BRCA,1060,SS,up,GONNECT-both,GONNECT-both,-0.0363917574034666,False
BRCA,1060,SS,up,GONNECT-SL-enc,GONNECT-SL-enc,0.2059962906615271,False
BRCA,1060,SS,up,GONNECT-SL-dec,GONNECT-SL-dec,0.2743883433682167,False
BRCA,1060,SS,up,GONNECT-SL-both,GONNECT-SL-both,0.2240513510705568,False
BRCA,1060,SS,up,GONNECT-R-enc,GONNECT-DPR-enc,-0.0551113324400558,False
BRCA,1060,SS,up,GONNECT-R-dec,GONNECT-DPR-dec,0.297557957931286,False
BRCA,1060,SS,up,GONNECT-R-both,GONNECT-DPR-both,0.084007850154373,False
LUAD,516,SS,up,MLP,MLP,0.2369309460350189,False
LUAD,516,SS,up,GONNECT-enc,GONNECT-enc,-0.0213362494598529,False
LUAD,516,SS,up,GONNECT-dec,GONNECT-dec,0.1696833489109162,False
LUAD,516,SS,up,GONNECT-both,GONNECT-both,-0.034000125865485,False
LUAD,516,SS,up,GONNECT-SL-enc,GONNECT-SL-enc,0.2157194626269706,False
LUAD,516,SS,up,GONNECT-SL-dec,GONNECT-SL-dec,0.2871143740373424,False
LUAD,516,SS,up,GONNECT-SL-both,GONNECT-SL-both,0.2131492855728321,False
LUAD,516,SS,up,GONNECT-R-enc,GONNECT-DPR-enc,-0.087274831076199,False
LUAD,516,SS,up,GONNECT-R-dec,GONNECT-DPR-dec,0.1837031565307924,False
LUAD,516,SS,up,GONNECT-R-both,GONNECT-DPR-both,0.0015751405153498,False
UCEC,513,SS,up,MLP,MLP,0.1764039161489073,False
UCEC,513,SS,up,GONNECT-enc,GONNECT-enc,-0.0886332655116979,False
UCEC,513,SS,up,GONNECT-dec,GONNECT-dec,0.0346148668697198,False
UCEC,513,SS,up,GONNECT-both,GONNECT-both,-0.0701202714282412,False
UCEC,513,SS,up,GONNECT-SL-enc,GONNECT-SL-enc,0.0219036106852006,False
UCEC,513,SS,up,GONNECT-SL-dec,GONNECT-SL-dec,0.1375894533885535,False
UCEC,513,SS,up,GONNECT-SL-both,GONNECT-SL-both,0.0359671502547547,False
UCEC,513,SS,up,GONNECT-R-enc,GONNECT-DPR-enc,-0.0257104302285059,False
UCEC,513,SS,up,GONNECT-R-dec,GONNECT-DPR-dec,0.0311835126688774,False
UCEC,513,SS,up,GONNECT-R-both,GONNECT-DPR-both,-0.0043361418417575,False
LGG,511,SS,up,MLP,MLP,0.6269020779948082,False
LGG,511,SS,up,GONNECT-enc,GONNECT-enc,0.540337751180641,False
LGG,511,SS,up,GONNECT-dec,GONNECT-dec,0.7597381299482885,False
LGG,511,SS,up,GONNECT-both,GONNECT-both,0.5665065092963358,False
LGG,511,SS,up,GONNECT-SL-enc,GONNECT-SL-enc,0.5723044852165514,False
LGG,511,SS,up,GONNECT-SL-dec,GONNECT-SL-dec,0.6009368804767453,False
LGG,511,SS,up,GONNECT-SL-both,GONNECT-SL-both,0.5450175821639116,False
LGG,511,SS,up,GONNECT-R-enc,GONNECT-DPR-enc,0.5274281348667432,False
LGG,511,SS,up,GONNECT-R-dec,GONNECT-DPR-dec,0.767458826809085,False
LGG,511,SS,up,GONNECT-R-both,GONNECT-DPR-both,0.6405452688497479,False
KIRC,508,SS,up,MLP,MLP,0.3121002327752378,False
KIRC,508,SS,up,GONNECT-enc,GONNECT-enc,0.0868975752189245,False
KIRC,508,SS,up,GONNECT-dec,GONNECT-dec,0.3269470453915968,False
KIRC,508,SS,up,GONNECT-both,GONNECT-both,0.1271133274087441,False
KIRC,508,SS,up,GONNECT-SL-enc,GONNECT-SL-enc,0.2375960547319114,False
KIRC,508,SS,up,GONNECT-SL-dec,GONNECT-SL-dec,0.331414073514303,False
KIRC,508,SS,up,GONNECT-SL-both,GONNECT-SL-both,0.2273457215898438,False
KIRC,508,SS,up,GONNECT-R-enc,GONNECT-DPR-enc,0.1142955623854126,False
KIRC,508,SS,up,GONNECT-R-dec,GONNECT-DPR-dec,0.2664167434051062,False
KIRC,508,SS,up,GONNECT-R-both,GONNECT-DPR-both,0.1633233853872402,False
HNSC,498,SS,up,MLP,MLP,0.1501229318421006,False
HNSC,498,SS,up,GONNECT-enc,GONNECT-enc,0.0713990683791901,False
HNSC,498,SS,up,GONNECT-dec,GONNECT-dec,0.0971720028424468,False
HNSC,498,SS,up,GONNECT-both,GONNECT-both,-0.0622173433746093,False
HNSC,498,SS,up,GONNECT-SL-enc,GONNECT-SL-enc,0.1117332705453491,False
HNSC,498,SS,up,GONNECT-SL-dec,GONNECT-SL-dec,0.141877908013172,False
HNSC,498,SS,up,GONNECT-SL-both,GONNECT-SL-both,0.1489598003694485,False
HNSC,498,SS,up,GONNECT-R-enc,GONNECT-DPR-enc,-0.0303146425223706,False
HNSC,498,SS,up,GONNECT-R-dec,GONNECT-DPR-dec,0.1632651886761442,False
HNSC,498,SS,up,GONNECT-R-both,GONNECT-DPR-both,0.097752857258767,False
THCA,497,SS,up,MLP,MLP,0.4822172744505503,False
THCA,497,SS,up,GONNECT-enc,GONNECT-enc,0.1349473157883564,False
THCA,497,SS,up,GONNECT-dec,GONNECT-dec,0.3694443476331571,False
THCA,497,SS,up,GONNECT-both,GONNECT-both,0.1600520260642235,False
THCA,497,SS,up,GONNECT-SL-enc,GONNECT-SL-enc,0.4684563710901243,False
THCA,497,SS,up,GONNECT-SL-dec,GONNECT-SL-dec,0.4426360605908008,False
THCA,497,SS,up,GONNECT-SL-both,GONNECT-SL-both,0.4270615010498449,False
THCA,497,SS,up,GONNECT-R-enc,GONNECT-DPR-enc,0.1528573246824011,False
THCA,497,SS,up,GONNECT-R-dec,GONNECT-DPR-dec,0.3076938854216383,False
THCA,497,SS,up,GONNECT-R-both,GONNECT-DPR-both,0.2409512074642711,False
PRAD,477,SS,up,MLP,MLP,0.5387706646577406,False
PRAD,477,SS,up,GONNECT-enc,GONNECT-enc,0.1540567882833999,False
PRAD,477,SS,up,GONNECT-dec,GONNECT-dec,0.457724600582856,False
PRAD,477,SS,up,GONNECT-both,GONNECT-both,0.2834593240696053,False
PRAD,477,SS,up,GONNECT-SL-enc,GONNECT-SL-enc,0.4526917471503126,False
PRAD,477,SS,up,GONNECT-SL-dec,GONNECT-SL-dec,0.5493985687977038,False
PRAD,477,SS,up,GONNECT-SL-both,GONNECT-SL-both,0.4819644527069317,False
PRAD,477,SS,up,GONNECT-R-enc,GONNECT-DPR-enc,0.126205914497367,False
PRAD,477,SS,up,GONNECT-R-dec,GONNECT-DPR-dec,0.4931469741398047,False
PRAD,477,SS,up,GONNECT-R-both,GONNECT-DPR-both,0.1895340969001438,False
LUSC,460,SS,up,MLP,MLP,0.1115810794819608,False
LUSC,460,SS,up,GONNECT-enc,GONNECT-enc,-0.0782528909032804,False
LUSC,460,SS,up,GONNECT-dec,GONNECT-dec,0.0623526097979832,False
LUSC,460,SS,up,GONNECT-both,GONNECT-both,-0.0385766127028246,False
LUSC,460,SS,up,GONNECT-SL-enc,GONNECT-SL-enc,0.0692634999373168,False
LUSC,460,SS,up,GONNECT-SL-dec,GONNECT-SL-dec,0.1369834878545003,False
LUSC,460,SS,up,GONNECT-SL-both,GONNECT-SL-both,0.0782824645575895,False
LUSC,460,SS,up,GONNECT-R-enc,GONNECT-DPR-enc,-0.0878136583591433,False
LUSC,460,SS,up,GONNECT-R-dec,GONNECT-DPR-dec,0.0266834695944095,False
LUSC,460,SS,up,GONNECT-R-both,GONNECT-DPR-both,-0.0639711278912369,False
SKCM,440,SS,up,MLP,MLP,0.04621447968765,False
SKCM,440,SS,up,GONNECT-enc,GONNECT-enc,-0.0567209938955853,False
SKCM,440,SS,up,GONNECT-dec,GONNECT-dec,0.0955241134009297,False
SKCM,440,SS,up,GONNECT-both,GONNECT-both,-0.0791792266718354,False
SKCM,440,SS,up,GONNECT-SL-enc,GONNECT-SL-enc,0.085148269117126,False
SKCM,440,SS,up,GONNECT-SL-dec,GONNECT-SL-dec,0.284944131212611,False
SKCM,440,SS,up,GONNECT-SL-both,GONNECT-SL-both,0.0969459887235034,False
SKCM,440,SS,up,GONNECT-R-enc,GONNECT-DPR-enc,0.0108364306233846,False
SKCM,440,SS,up,GONNECT-R-dec,GONNECT-DPR-dec,0.1095417073685191,False
SKCM,440,SS,up,GONNECT-R-both,GONNECT-DPR-both,-0.0169070737698616,False
COAD,433,SS,up,MLP,MLP,-0.0588867834633734,False
COAD,433,SS,up,GONNECT-enc,GONNECT-enc,-0.0771053152321877,False
COAD,433,SS,up,GONNECT-dec,GONNECT-dec,-0.0546190735132484,False
COAD,433,SS,up,GONNECT-both,GONNECT-both,-0.0090301250074185,False
COAD,433,SS,up,GONNECT-SL-enc,GONNECT-SL-enc,-0.065629660385441,False
COAD,433,SS,up,GONNECT-SL-dec,GONNECT-SL-dec,-0.0675038802363371,False
COAD,433,SS,up,GONNECT-SL-both,GONNECT-SL-both,-0.0454325496787462,False
COAD,433,SS,up,GONNECT-R-enc,GONNECT-DPR-enc,-0.0527656571388141,False
COAD,433,SS,up,GONNECT-R-dec,GONNECT-DPR-dec,-0.0662251389777706,False
COAD,433,SS,up,GONNECT-R-both,GONNECT-DPR-both,-0.0173616626121146,False
OV,403,SS,up,MLP,MLP,0.3856102934827729,False
OV,403,SS,up,GONNECT-enc,GONNECT-enc,-0.0052895521608382,False
OV,403,SS,up,GONNECT-dec,GONNECT-dec,0.0943823546864708,False
OV,403,SS,up,GONNECT-both,GONNECT-both,0.0173286209655574,False
OV,403,SS,up,GONNECT-SL-enc,GONNECT-SL-enc,0.2410535890289133,False
OV,403,SS,up,GONNECT-SL-dec,GONNECT-SL-dec,0.3920780850385479,False
OV,403,SS,up,GONNECT-SL-both,GONNECT-SL-both,0.2802626707588698,False
OV,403,SS,up,GONNECT-R-enc,GONNECT-DPR-enc,0.0571631917879509,False
OV,403,SS,up,GONNECT-R-dec,GONNECT-DPR-dec,0.1548110471163027,False
OV,403,SS,up,GONNECT-R-both,GONNECT-DPR-both,0.0537169930164295,False
STAD,397,SS,up,MLP,MLP,-0.0502807259420471,False
STAD,397,SS,up,GONNECT-enc,GONNECT-enc,-0.1359330792458732,False
STAD,397,SS,up,GONNECT-dec,GONNECT-dec,-0.0511299780923231,False
STAD,397,SS,up,GONNECT-both,GONNECT-both,-0.120438409158001,False
STAD,397,SS,up,GONNECT-SL-enc,GONNECT-SL-enc,-0.044835221821138,False
STAD,397,SS,up,GONNECT-SL-dec,GONNECT-SL-dec,0.0273989039020685,False
STAD,397,SS,up,GONNECT-SL-both,GONNECT-SL-both,0.0060306176917512,False
STAD,397,SS,up,GONNECT-R-enc,GONNECT-DPR-enc,-0.1804757542315766,False
STAD,397,SS,up,GONNECT-R-dec,GONNECT-DPR-dec,-0.0853345044382309,False
STAD,397,SS,up,GONNECT-R-both,GONNECT-DPR-both,-0.1558146404451235,False
BLCA,387,SS,up,MLP,MLP,0.0256205616776223,False
BLCA,387,SS,up,GONNECT-enc,GONNECT-enc,-0.1728710354207952,False
BLCA,387,SS,up,GONNECT-dec,GONNECT-dec,-0.1289187963455605,False
BLCA,387,SS,up,GONNECT-both,GONNECT-both,-0.0889664784218823,False
BLCA,387,SS,up,GONNECT-SL-enc,GONNECT-SL-enc,-0.0026727124052334,False
BLCA,387,SS,up,GONNECT-SL-dec,GONNECT-SL-dec,0.0464442075594178,False
BLCA,387,SS,up,GONNECT-SL-both,GONNECT-SL-both,0.0123886302247068,False
BLCA,387,SS,up,GONNECT-R-enc,GONNECT-DPR-enc,-0.1600927082324209,False
BLCA,387,SS,up,GONNECT-R-dec,GONNECT-DPR-dec,-0.2048019895237355,False
BLCA,387,SS,up,GONNECT-R-both,GONNECT-DPR-both,-0.1502718397562548,False
LIHC,362,SS,up,MLP,MLP,0.3252174660405237,False
LIHC,362,SS,up,GONNECT-enc,GONNECT-enc,0.4271910341907519,False
LIHC,362,SS,up,GONNECT-dec,GONNECT-dec,0.5675865092994921,False
LIHC,362,SS,up,GONNECT-both,GONNECT-both,0.4895650724762196,False
LIHC,362,SS,up,GONNECT-SL-enc,GONNECT-SL-enc,0.3673181045498798,False
LIHC,362,SS,up,GONNECT-SL-dec,GONNECT-SL-dec,0.2913506744998246,False
LIHC,362,SS,up,GONNECT-SL-both,GONNECT-SL-both,0.3202440825760749,False
LIHC,362,SS,up,GONNECT-R-enc,GONNECT-DPR-enc,0.3051461555420872,False
LIHC,362,SS,up,GONNECT-R-dec,GONNECT-DPR-dec,0.6006916156323676,False
LIHC,362,SS,up,GONNECT-R-both,GONNECT-DPR-both,0.5261774260024845,False
CESC,293,SS,up,MLP,MLP,0.0793801427320185,False
CESC,293,SS,up,GONNECT-enc,GONNECT-enc,-0.02856141976259,False
CESC,293,SS,up,GONNECT-dec,GONNECT-dec,-0.0486328141619549,False
CESC,293,SS,up,GONNECT-both,GONNECT-both,-0.0335190905805146,False
CESC,293,SS,up,GONNECT-SL-enc,GONNECT-SL-enc,0.0029753908676028,False
CESC,293,SS,up,GONNECT-SL-dec,GONNECT-SL-dec,0.0295114786507638,False
CESC,293,SS,up,GONNECT-SL-both,GONNECT-SL-both,-0.0259344747861989,False
CESC,293,SS,up,GONNECT-R-enc,GONNECT-DPR-enc,-0.008462149901899,False
CESC,293,SS,up,GONNECT-R-dec,GONNECT-DPR-dec,-0.0955498085663592,False
CESC,293,SS,up,GONNECT-R-both,GONNECT-DPR-both,-0.0861137968317108,False
KIRP,282,SS,up,MLP,MLP,0.2517009579347747,False
KIRP,282,SS,up,GONNECT-enc,GONNECT-enc,0.0462687161748088,False
KIRP,282,SS,up,GONNECT-dec,GONNECT-dec,0.2432118839663708,False
KIRP,282,SS,up,GONNECT-both,GONNECT-both,0.0308951433826514,False
KIRP,282,SS,up,GONNECT-SL-enc,GONNECT-SL-enc,0.2304040843568459,False
KIRP,282,SS,up,GONNECT-SL-dec,GONNECT-SL-dec,0.2938526994468584,False
KIRP,282,SS,up,GONNECT-SL-both,GONNECT-SL-both,0.2005786850340881,False
KIRP,282,SS,up,GONNECT-R-enc,GONNECT-DPR-enc,0.0061827787703634,False
KIRP,282,SS,up,GONNECT-R-dec,GONNECT-DPR-dec,0.1422056998213642,False
KIRP,282,SS,up,GONNECT-R-both,GONNECT-DPR-both,0.0955394744463069,False
SARC,250,SS,up,MLP,MLP,0.1946467065614292,False
SARC,250,SS,up,GONNECT-enc,GONNECT-enc,-0.0633947683223336,False
SARC,250,SS,up,GONNECT-dec,GONNECT-dec,0.1286990602179862,False
SARC,250,SS,up,GONNECT-both,GONNECT-both,-0.1875084056581814,False
SARC,250,SS,up,GONNECT-SL-enc,GONNECT-SL-enc,0.0542773588655079,False
SARC,250,SS,up,GONNECT-SL-dec,GONNECT-SL-dec,0.1203047522674499,False
SARC,250,SS,up,GONNECT-SL-both,GONNECT-SL-both,0.0891039554224109,False
SARC,250,SS,up,GONNECT-R-enc,GONNECT-DPR-enc,-0.0762337153591485,False
SARC,250,SS,up,GONNECT-R-dec,GONNECT-DPR-dec,0.1771819830042895,False
SARC,250,SS,up,GONNECT-R-both,GONNECT-DPR-both,-0.0915465501850701,False
ESCA,180,SS,up,MLP,MLP,-0.2205871609481394,False
ESCA,180,SS,up,GONNECT-enc,GONNECT-enc,-0.2006954374250612,False
ESCA,180,SS,up,GONNECT-dec,GONNECT-dec,-0.2338398490497261,False
ESCA,180,SS,up,GONNECT-both,GONNECT-both,-0.158301017882457,False
ESCA,180,SS,up,GONNECT-SL-enc,GONNECT-SL-enc,-0.2057906666015282,False
ESCA,180,SS,up,GONNECT-SL-dec,GONNECT-SL-dec,-0.1876505820767388,False
ESCA,180,SS,up,GONNECT-SL-both,GONNECT-SL-both,-0.2089855186831806,False
ESCA,180,SS,up,GONNECT-R-enc,GONNECT-DPR-enc,-0.1695823049090838,False
ESCA,180,SS,up,GONNECT-R-dec,GONNECT-DPR-dec,-0.2860675671697363,False
ESCA,180,SS,up,GONNECT-R-both,GONNECT-DPR-both,-0.2489858133023156,False
PCPG,177,SS,up,MLP,MLP,0.4119121297933749,False
PCPG,177,SS,up,GONNECT-enc,GONNECT-enc,0.3465063376111565,False
PCPG,177,SS,up,GONNECT-dec,GONNECT-dec,0.6415454377720253,False
PCPG,177,SS,up,GONNECT-both,GONNECT-both,0.2828506514406749,False
PCPG,177,SS,up,GONNECT-SL-enc,GONNECT-SL-enc,0.4390968488783454,False
PCPG,177,SS,up,GONNECT-SL-dec,GONNECT-SL-dec,0.500038584369403,False
PCPG,177,SS,up,GONNECT-SL-both,GONNECT-SL-both,0.4088223513706247,False
PCPG,177,SS,up,GONNECT-R-enc,GONNECT-DPR-enc,0.2194827301723643,False
PCPG,177,SS,up,GONNECT-R-dec,GONNECT-DPR-dec,0.602022306135038,False
PCPG,177,SS,up,GONNECT-R-both,GONNECT-DPR-both,0.4347961125109796,False
PAAD,173,SS,up,MLP,MLP,-0.1568429276653663,False
PAAD,173,SS,up,GONNECT-enc,GONNECT-enc,0.0358553619987481,False
PAAD,173,SS,up,GONNECT-dec,GONNECT-dec,0.0862957646074998,False
PAAD,173,SS,up,GONNECT-both,GONNECT-both,-0.0465783009908451,False
PAAD,173,SS,up,GONNECT-SL-enc,GONNECT-SL-enc,0.0771487889434256,False
PAAD,173,SS,up,GONNECT-SL-dec,GONNECT-SL-dec,0.0450405595130667,False
PAAD,173,SS,up,GONNECT-SL-both,GONNECT-SL-both,0.0814488267260113,False
PAAD,173,SS,up,GONNECT-R-enc,GONNECT-DPR-enc,-0.018356315059143,False
PAAD,173,SS,up,GONNECT-R-dec,GONNECT-DPR-dec,-0.0798532139906397,False
PAAD,173,SS,up,GONNECT-R-both,GONNECT-DPR-both,0.0015527344659499,False
READ,148,SS,up,MLP,MLP,0.0734841274975473,False
READ,148,SS,up,GONNECT-enc,GONNECT-enc,0.0019101005448417,False
READ,148,SS,up,GONNECT-dec,GONNECT-dec,0.0038950346474342,False
READ,148,SS,up,GONNECT-both,GONNECT-both,-0.0132910013923761,False
READ,148,SS,up,GONNECT-SL-enc,GONNECT-SL-enc,0.0721013442277133,False
READ,148,SS,up,GONNECT-SL-dec,GONNECT-SL-dec,0.0845308596757274,False
READ,148,SS,up,GONNECT-SL-both,GONNECT-SL-both,0.0559547311167581,False
READ,148,SS,up,GONNECT-R-enc,GONNECT-DPR-enc,-0.0185482342282576,False
READ,148,SS,up,GONNECT-R-dec,GONNECT-DPR-dec,0.0394446057023053,False
READ,148,SS,up,GONNECT-R-both,GONNECT-DPR-both,-0.0188392572790774,False
TGCT,138,SS,up,MLP,MLP,0.2637432120959843,False
TGCT,138,SS,up,GONNECT-enc,GONNECT-enc,-0.0093388048641355,False
TGCT,138,SS,up,GONNECT-dec,GONNECT-dec,0.0684395130198369,False
TGCT,138,SS,up,GONNECT-both,GONNECT-both,-0.0736121501498548,False
TGCT,138,SS,up,GONNECT-SL-enc,GONNECT-SL-enc,0.2637942767653013,False
TGCT,138,SS,up,GONNECT-SL-dec,GONNECT-SL-dec,0.3716700082515062,False
TGCT,138,SS,up,GONNECT-SL-both,GONNECT-SL-both,0.1777054625095262,False
TGCT,138,SS,up,GONNECT-R-enc,GONNECT-DPR-enc,-0.116431519356422,False
TGCT,138,SS,up,GONNECT-R-dec,GONNECT-DPR-dec,0.0528722839026791,False
TGCT,138,SS,up,GONNECT-R-both,GONNECT-DPR-both,0.0393714920452497,False
LAML,137,SS,up,MLP,MLP,0.6359985853124834,False
LAML,137,SS,up,GONNECT-enc,GONNECT-enc,0.3629396113010634,False
LAML,137,SS,up,GONNECT-dec,GONNECT-dec,0.663653793765169,False
LAML,137,SS,up,GONNECT-both,GONNECT-both,0.4013781354444241,False
LAML,137,SS,up,GONNECT-SL-enc,GONNECT-SL-enc,0.5964172747723526,False
LAML,137,SS,up,GONNECT-SL-dec,GONNECT-SL-dec,0.6536732848665463,False
LAML,137,SS,up,GONNECT-SL-both,GONNECT-SL-both,0.5182001048633145,False
LAML,137,SS,up,GONNECT-R-enc,GONNECT-DPR-enc,0.318759136349311,False
LAML,137,SS,up,GONNECT-R-dec,GONNECT-DPR-dec,0.6794196788199122,False
LAML,137,SS,up,GONNECT-R-both,GONNECT-DPR-both,0.3091086698154696,False
THYM,119,SS,up,MLP,MLP,0.0666994634387535,False
THYM,119,SS,up,GONNECT-enc,GONNECT-enc,0.1105591357950212,False
THYM,119,SS,up,GONNECT-dec,GONNECT-dec,0.1561510403839325,False
THYM,119,SS,up,GONNECT-both,GONNECT-both,0.0406061617398633,False
THYM,119,SS,up,GONNECT-SL-enc,GONNECT-SL-enc,0.2777877636180669,False
THYM,119,SS,up,GONNECT-SL-dec,GONNECT-SL-dec,0.3674003275493036,False
THYM,119,SS,up,GONNECT-SL-both,GONNECT-SL-both,0.2990097047921693,False
THYM,119,SS,up,GONNECT-R-enc,GONNECT-DPR-enc,0.1148088440351668,False
THYM,119,SS,up,GONNECT-R-dec,GONNECT-DPR-dec,0.0704514904869518,False
THYM,119,SS,up,GONNECT-R-both,GONNECT-DPR-both,0.0848229252765785,False
MESO,87,SS,up,MLP,MLP,0.3095673145666729,False
MESO,87,SS,up,GONNECT-enc,GONNECT-enc,-0.0403274150993259,False
MESO,87,SS,up,GONNECT-dec,GONNECT-dec,0.1789262934701561,False
MESO,87,SS,up,GONNECT-both,GONNECT-both,0.0247443973835441,False
MESO,87,SS,up,GONNECT-SL-enc,GONNECT-SL-enc,0.2498011761148087,False
MESO,87,SS,up,GONNECT-SL-dec,GONNECT-SL-dec,0.3799996534353781,False
MESO,87,SS,up,GONNECT-SL-both,GONNECT-SL-both,0.3322840342829132,False
MESO,87,SS,up,GONNECT-R-enc,GONNECT-DPR-enc,-0.0111180382684425,False
MESO,87,SS,up,GONNECT-R-dec,GONNECT-DPR-dec,0.3237556386936375,False
MESO,87,SS,up,GONNECT-R-both,GONNECT-DPR-both,0.1056765970284117,False
UVM,77,SS,up,MLP,MLP,0.5748599143595193,False
UVM,77,SS,up,GONNECT-enc,GONNECT-enc,0.1594050324291126,False
UVM,77,SS,up,GONNECT-dec,GONNECT-dec,0.4904949154048183,False
UVM,77,SS,up,GONNECT-both,GONNECT-both,0.3092488575025635,False
UVM,77,SS,up,GONNECT-SL-enc,GONNECT-SL-enc,0.442765149656471,False
UVM,77,SS,up,GONNECT-SL-dec,GONNECT-SL-dec,0.5480007046253176,False
UVM,77,SS,up,GONNECT-SL-both,GONNECT-SL-both,0.4114268690335761,False
UVM,77,SS,up,GONNECT-R-enc,GONNECT-DPR-enc,0.4531681703260973,False
UVM,77,SS,up,GONNECT-R-dec,GONNECT-DPR-dec,0.4865161985442136,False
UVM,77,SS,up,GONNECT-R-both,GONNECT-DPR-both,0.4617475555585256,False
ACC,76,SS,up,MLP,MLP,0.3649504947534866,False
ACC,76,SS,up,GONNECT-enc,GONNECT-enc,0.1317078756675517,False
ACC,76,SS,up,GONNECT-dec,GONNECT-dec,0.2829185506106875,False
ACC,76,SS,up,GONNECT-both,GONNECT-both,0.1521680366386092,False
ACC,76,SS,up,GONNECT-SL-enc,GONNECT-SL-enc,0.4318187060707862,False
ACC,76,SS,up,GONNECT-SL-dec,GONNECT-SL-dec,0.4969979426037533,False
ACC,76,SS,up,GONNECT-SL-both,GONNECT-SL-both,0.3700196779294549,False
ACC,76,SS,up,GONNECT-R-enc,GONNECT-DPR-enc,0.1737394279528808,False
ACC,76,SS,up,GONNECT-R-dec,GONNECT-DPR-dec,0.3745340615245761,False
ACC,76,SS,up,GONNECT-R-both,GONNECT-DPR-both,0.1369888700159474,False
KICH,65,SS,up,MLP,MLP,0.4708312591057802,False
KICH,65,SS,up,GONNECT-enc,GONNECT-enc,0.26820019277952,False
KICH,65,SS,up,GONNECT-dec,GONNECT-dec,0.3469968677036925,False
KICH,65,SS,up,GONNECT-both,GONNECT-both,0.1422210702612379,False
KICH,65,SS,up,GONNECT-SL-enc,GONNECT-SL-enc,0.4896831722267385,False
KICH,65,SS,up,GONNECT-SL-dec,GONNECT-SL-dec,0.5745587346519344,False
KICH,65,SS,up,GONNECT-SL-both,GONNECT-SL-both,0.4389108525841863,False
KICH,65,SS,up,GONNECT-R-enc,GONNECT-DPR-enc,0.1778114910175103,False
KICH,65,SS,up,GONNECT-R-dec,GONNECT-DPR-dec,0.3870698706024614,False
KICH,65,SS,up,GONNECT-R-both,GONNECT-DPR-both,0.2082704172436597,False
UCS,53,SS,up,MLP,MLP,-0.0065572424774147,False
UCS,53,SS,up,GONNECT-enc,GONNECT-enc,-0.0365401151838311,False
UCS,53,SS,up,GONNECT-dec,GONNECT-dec,-0.0571719848142817,False
UCS,53,SS,up,GONNECT-both,GONNECT-both,-0.1611170244516974,False
UCS,53,SS,up,GONNECT-SL-enc,GONNECT-SL-enc,-0.0135803345269464,False
UCS,53,SS,up,GONNECT-SL-dec,GONNECT-SL-dec,0.0319569175534104,False
UCS,53,SS,up,GONNECT-SL-both,GONNECT-SL-both,0.0603296898477498,False
UCS,53,SS,up,GONNECT-R-enc,GONNECT-DPR-enc,-0.0647782812331663,False
UCS,53,SS,up,GONNECT-R-dec,GONNECT-DPR-dec,-0.148389326770772,False
UCS,53,SS,up,GONNECT-R-both,GONNECT-DPR-both,-0.0892877595876303,False
DLBC,45,SS,up,MLP,MLP,0.4074921172715293,False
DLBC,45,SS,up,GONNECT-enc,GONNECT-enc,0.4382178192777264,False
DLBC,45,SS,up,GONNECT-dec,GONNECT-dec,0.3527788650567221,False
DLBC,45,SS,up,GONNECT-both,GONNECT-both,0.368040863335477,False
DLBC,45,SS,up,GONNECT-SL-enc,GONNECT-SL-enc,0.4738492585347032,False
DLBC,45,SS,up,GONNECT-SL-dec,GONNECT-SL-dec,0.4043666522856857,False
DLBC,45,SS,up,GONNECT-SL-both,GONNECT-SL-both,0.4560383336486276,False
DLBC,45,SS,up,GONNECT-R-enc,GONNECT-DPR-enc,0.4264297217858351,False
DLBC,45,SS,up,GONNECT-R-dec,GONNECT-DPR-dec,0.2884952674841036,False
DLBC,45,SS,up,GONNECT-R-both,GONNECT-DPR-both,0.3451982592339341,False
CHOL,35,SS,up,MLP,MLP,0.297679004242555,False
CHOL,35,SS,up,GONNECT-enc,GONNECT-enc,-0.058353542845746,False
CHOL,35,SS,up,GONNECT-dec,GONNECT-dec,0.2324741404334538,False
CHOL,35,SS,up,GONNECT-both,GONNECT-both,-0.0766244989283595,False
CHOL,35,SS,up,GONNECT-SL-enc,GONNECT-SL-enc,0.0878542408069674,False
CHOL,35,SS,up,GONNECT-SL-dec,GONNECT-SL-dec,0.318199008590694,False
CHOL,35,SS,up,GONNECT-SL-both,GONNECT-SL-both,0.1108604379965772,False
CHOL,35,SS,up,GONNECT-R-enc,GONNECT-DPR-enc,-0.0347039383082744,False
CHOL,35,SS,up,GONNECT-R-dec,GONNECT-DPR-dec,0.1612631333432594,False
CHOL,35,SS,up,GONNECT-R-both,GONNECT-DPR-both,-0.1037219258928543,False
BRCA,1060,MSE,down,MLP,MLP,0.275,False
BRCA,1060,MSE,down,GONNECT-enc,GONNECT-enc,0.268,False
BRCA,1060,MSE,down,GONNECT-dec,GONNECT-dec,0.55,False
BRCA,1060,MSE,down,GONNECT-both,GONNECT-both,0.584,False
BRCA,1060,MSE,down,GONNECT-SL-enc,GONNECT-SL-enc,0.247,False
BRCA,1060,MSE,down,GONNECT-SL-dec,GONNECT-SL-dec,0.254,False
BRCA,1060,MSE,down,GONNECT-SL-both,GONNECT-SL-both,0.213,False
BRCA,1060,MSE,down,GONNECT-R-enc,GONNECT-DPR-enc,0.285,False
BRCA,1060,MSE,down,GONNECT-R-dec,GONNECT-DPR-dec,0.594,False
BRCA,1060,MSE,down,GONNECT-R-both,GONNECT-DPR-both,0.628,False
LUAD,516,MSE,down,MLP,MLP,0.244,False
LUAD,516,MSE,down,GONNECT-enc,GONNECT-enc,0.248,False
LUAD,516,MSE,down,GONNECT-dec,GONNECT-dec,0.497,False
LUAD,516,MSE,down,GONNECT-both,GONNECT-both,0.53,False
LUAD,516,MSE,down,GONNECT-SL-enc,GONNECT-SL-enc,0.223,False
LUAD,516,MSE,down,GONNECT-SL-dec,GONNECT-SL-dec,0.232,False
LUAD,516,MSE,down,GONNECT-SL-both,GONNECT-SL-both,0.199,False
LUAD,516,MSE,down,GONNECT-R-enc,GONNECT-DPR-enc,0.266,False
LUAD,516,MSE,down,GONNECT-R-dec,GONNECT-DPR-dec,0.551,False
LUAD,516,MSE,down,GONNECT-R-both,GONNECT-DPR-both,0.587,False
UCEC,513,MSE,down,MLP,MLP,0.271,False
UCEC,513,MSE,down,GONNECT-enc,GONNECT-enc,0.282,False
UCEC,513,MSE,down,GONNECT-dec,GONNECT-dec,0.504,False
UCEC,513,MSE,down,GONNECT-both,GONNECT-both,0.541,False
UCEC,513,MSE,down,GONNECT-SL-enc,GONNECT-SL-enc,0.257,False
UCEC,513,MSE,down,GONNECT-SL-dec,GONNECT-SL-dec,0.255,False
UCEC,513,MSE,down,GONNECT-SL-both,GONNECT-SL-both,0.226,False
UCEC,513,MSE,down,GONNECT-R-enc,GONNECT-DPR-enc,0.303,False
UCEC,513,MSE,down,GONNECT-R-dec,GONNECT-DPR-dec,0.541,False
UCEC,513,MSE,down,GONNECT-R-both,GONNECT-DPR-both,0.578,False
LGG,511,MSE,down,MLP,MLP,0.121,False
LGG,511,MSE,down,GONNECT-enc,GONNECT-enc,0.13,False
LGG,511,MSE,down,GONNECT-dec,GONNECT-dec,0.527,False
LGG,511,MSE,down,GONNECT-both,GONNECT-both,0.67,False
LGG,511,MSE,down,GONNECT-SL-enc,GONNECT-SL-enc,0.114,False
LGG,511,MSE,down,GONNECT-SL-dec,GONNECT-SL-dec,0.125,False
LGG,511,MSE,down,GONNECT-SL-both,GONNECT-SL-both,0.104,False
LGG,511,MSE,down,GONNECT-R-enc,GONNECT-DPR-enc,0.13,False
LGG,511,MSE,down,GONNECT-R-dec,GONNECT-DPR-dec,0.854,False
LGG,511,MSE,down,GONNECT-R-both,GONNECT-DPR-both,0.907,False
KIRC,508,MSE,down,MLP,MLP,0.176,False
KIRC,508,MSE,down,GONNECT-enc,GONNECT-enc,0.175,False
KIRC,508,MSE,down,GONNECT-dec,GONNECT-dec,0.561,False
KIRC,508,MSE,down,GONNECT-both,GONNECT-both,0.599,False
KIRC,508,MSE,down,GONNECT-SL-enc,GONNECT-SL-enc,0.164,False
KIRC,508,MSE,down,GONNECT-SL-dec,GONNECT-SL-dec,0.175,False
KIRC,508,MSE,down,GONNECT-SL-both,GONNECT-SL-both,0.15,False
KIRC,508,MSE,down,GONNECT-R-enc,GONNECT-DPR-enc,0.189,False
KIRC,508,MSE,down,GONNECT-R-dec,GONNECT-DPR-dec,0.61,False
KIRC,508,MSE,down,GONNECT-R-both,GONNECT-DPR-both,0.662,False
HNSC,498,MSE,down,MLP,MLP,0.219,False
HNSC,498,MSE,down,GONNECT-enc,GONNECT-enc,0.209,False
HNSC,498,MSE,down,GONNECT-dec,GONNECT-dec,0.682,False
HNSC,498,MSE,down,GONNECT-both,GONNECT-both,0.677,False
HNSC,498,MSE,down,GONNECT-SL-enc,GONNECT-SL-enc,0.192,False
HNSC,498,MSE,down,GONNECT-SL-dec,GONNECT-SL-dec,0.201,False
HNSC,498,MSE,down,GONNECT-SL-both,GONNECT-SL-both,0.17,False
HNSC,498,MSE,down,GONNECT-R-enc,GONNECT-DPR-enc,0.236,False
HNSC,498,MSE,down,GONNECT-R-dec,GONNECT-DPR-dec,0.774,False
HNSC,498,MSE,down,GONNECT-R-both,GONNECT-DPR-both,0.833,False
THCA,497,MSE,down,MLP,MLP,0.15,False
THCA,497,MSE,down,GONNECT-enc,GONNECT-enc,0.154,False
THCA,497,MSE,down,GONNECT-dec,GONNECT-dec,0.552,False
THCA,497,MSE,down,GONNECT-both,GONNECT-both,0.599,False
THCA,497,MSE,down,GONNECT-SL-enc,GONNECT-SL-enc,0.142,False
THCA,497,MSE,down,GONNECT-SL-dec,GONNECT-SL-dec,0.15,False
THCA,497,MSE,down,GONNECT-SL-both,GONNECT-SL-both,0.129,False
THCA,497,MSE,down,GONNECT-R-enc,GONNECT-DPR-enc,0.156,False
THCA,497,MSE,down,GONNECT-R-dec,GONNECT-DPR-dec,0.598,False
THCA,497,MSE,down,GONNECT-R-both,GONNECT-DPR-both,0.645,False
PRAD,477,MSE,down,MLP,MLP,0.157,False
PRAD,477,MSE,down,GONNECT-enc,GONNECT-enc,0.16,False
PRAD,477,MSE,down,GONNECT-dec,GONNECT-dec,0.718,False
PRAD,477,MSE,down,GONNECT-both,GONNECT-both,0.756,False
PRAD,477,MSE,down,GONNECT-SL-enc,GONNECT-SL-enc,0.145,False
PRAD,477,MSE,down,GONNECT-SL-dec,GONNECT-SL-dec,0.154,False
PRAD,477,MSE,down,GONNECT-SL-both,GONNECT-SL-both,0.13,False
PRAD,477,MSE,down,GONNECT-R-enc,GONNECT-DPR-enc,0.174,False
PRAD,477,MSE,down,GONNECT-R-dec,GONNECT-DPR-dec,0.768,False
PRAD,477,MSE,down,GONNECT-R-both,GONNECT-DPR-both,0.823,False
LUSC,460,MSE,down,MLP,MLP,0.234,False
LUSC,460,MSE,down,GONNECT-enc,GONNECT-enc,0.236,False
LUSC,460,MSE,down,GONNECT-dec,GONNECT-dec,0.469,False
LUSC,460,MSE,down,GONNECT-both,GONNECT-both,0.498,False
LUSC,460,MSE,down,GONNECT-SL-enc,GONNECT-SL-enc,0.211,False
LUSC,460,MSE,down,GONNECT-SL-dec,GONNECT-SL-dec,0.216,False
LUSC,460,MSE,down,GONNECT-SL-both,GONNECT-SL-both,0.186,False
LUSC,460,MSE,down,GONNECT-R-enc,GONNECT-DPR-enc,0.251,False
LUSC,460,MSE,down,GONNECT-R-dec,GONNECT-DPR-dec,0.534,False
LUSC,460,MSE,down,GONNECT-R-both,GONNECT-DPR-both,0.571,False
SKCM,440,MSE,down,MLP,MLP,0.339,False
SKCM,440,MSE,down,GONNECT-enc,GONNECT-enc,0.327,False
SKCM,440,MSE,down,GONNECT-dec,GONNECT-dec,0.675,False
SKCM,440,MSE,down,GONNECT-both,GONNECT-both,0.778,False
SKCM,440,MSE,down,GONNECT-SL-enc,GONNECT-SL-enc,0.297,False
SKCM,440,MSE,down,GONNECT-SL-dec,GONNECT-SL-dec,0.301,False
SKCM,440,MSE,down,GONNECT-SL-both,GONNECT-SL-both,0.258,False
SKCM,440,MSE,down,GONNECT-R-enc,GONNECT-DPR-enc,0.348,False
SKCM,440,MSE,down,GONNECT-R-dec,GONNECT-DPR-dec,0.776,False
SKCM,440,MSE,down,GONNECT-R-both,GONNECT-DPR-both,0.837,False
COAD,433,MSE,down,MLP,MLP,0.193,False
COAD,433,MSE,down,GONNECT-enc,GONNECT-enc,0.188,False
COAD,433,MSE,down,GONNECT-dec,GONNECT-dec,0.562,False
COAD,433,MSE,down,GONNECT-both,GONNECT-both,0.586,False
COAD,433,MSE,down,GONNECT-SL-enc,GONNECT-SL-enc,0.173,False
COAD,433,MSE,down,GONNECT-SL-dec,GONNECT-SL-dec,0.19,False
COAD,433,MSE,down,GONNECT-SL-both,GONNECT-SL-both,0.154,False
COAD,433,MSE,down,GONNECT-R-enc,GONNECT-DPR-enc,0.208,False
COAD,433,MSE,down,GONNECT-R-dec,GONNECT-DPR-dec,0.596,False
COAD,433,MSE,down,GONNECT-R-both,GONNECT-DPR-both,0.642,False
OV,403,MSE,down,MLP,MLP,0.246,False
OV,403,MSE,down,GONNECT-enc,GONNECT-enc,0.253,False
OV,403,MSE,down,GONNECT-dec,GONNECT-dec,0.504,False
OV,403,MSE,down,GONNECT-both,GONNECT-both,0.554,False
OV,403,MSE,down,GONNECT-SL-enc,GONNECT-SL-enc,0.232,False
OV,403,MSE,down,GONNECT-SL-dec,GONNECT-SL-dec,0.232,False
OV,403,MSE,down,GONNECT-SL-both,GONNECT-SL-both,0.21,False
OV,403,MSE,down,GONNECT-R-enc,GONNECT-DPR-enc,0.267,False
OV,403,MSE,down,GONNECT-R-dec,GONNECT-DPR-dec,0.54,False
OV,403,MSE,down,GONNECT-R-both,GONNECT-DPR-both,0.584,False
STAD,397,MSE,down,MLP,MLP,0.29,False
STAD,397,MSE,down,GONNECT-enc,GONNECT-enc,0.295,False
STAD,397,MSE,down,GONNECT-dec,GONNECT-dec,0.628,False
STAD,397,MSE,down,GONNECT-both,GONNECT-both,0.651,False
STAD,397,MSE,down,GONNECT-SL-enc,GONNECT-SL-enc,0.261,False
STAD,397,MSE,down,GONNECT-SL-dec,GONNECT-SL-dec,0.272,False
STAD,397,MSE,down,GONNECT-SL-both,GONNECT-SL-both,0.229,False
STAD,397,MSE,down,GONNECT-R-enc,GONNECT-DPR-enc,0.319,False
STAD,397,MSE,down,GONNECT-R-dec,GONNECT-DPR-dec,0.669,False
STAD,397,MSE,down,GONNECT-R-both,GONNECT-DPR-both,0.711,False
BLCA,387,MSE,down,MLP,MLP,0.309,False
BLCA,387,MSE,down,GONNECT-enc,GONNECT-enc,0.314,False
BLCA,387,MSE,down,GONNECT-dec,GONNECT-dec,0.591,False
BLCA,387,MSE,down,GONNECT-both,GONNECT-both,0.635,False
BLCA,387,MSE,down,GONNECT-SL-enc,GONNECT-SL-enc,0.279,False
BLCA,387,MSE,down,GONNECT-SL-dec,GONNECT-SL-dec,0.289,False
BLCA,387,MSE,down,GONNECT-SL-both,GONNECT-SL-both,0.248,False
BLCA,387,MSE,down,GONNECT-R-enc,GONNECT-DPR-enc,0.331,False
BLCA,387,MSE,down,GONNECT-R-dec,GONNECT-DPR-dec,0.647,False
BLCA,387,MSE,down,GONNECT-R-both,GONNECT-DPR-both,0.711,False
LIHC,362,MSE,down,MLP,MLP,0.354,False
LIHC,362,MSE,down,GONNECT-enc,GONNECT-enc,0.368,False
LIHC,362,MSE,down,GONNECT-dec,GONNECT-dec,1.219,False
LIHC,362,MSE,down,GONNECT-both,GONNECT-both,1.368,False
LIHC,362,MSE,down,GONNECT-SL-enc,GONNECT-SL-enc,0.314,False
LIHC,362,MSE,down,GONNECT-SL-dec,GONNECT-SL-dec,0.346,False
LIHC,362,MSE,down,GONNECT-SL-both,GONNECT-SL-both,0.284,False
LIHC,362,MSE,down,GONNECT-R-enc,GONNECT-DPR-enc,0.379,False
LIHC,362,MSE,down,GONNECT-R-dec,GONNECT-DPR-dec,1.576,False
LIHC,362,MSE,down,GONNECT-R-both,GONNECT-DPR-both,1.658,False
CESC,293,MSE,down,MLP,MLP,0.27,False
CESC,293,MSE,down,GONNECT-enc,GONNECT-enc,0.285,False
CESC,293,MSE,down,GONNECT-dec,GONNECT-dec,0.563,False
CESC,293,MSE,down,GONNECT-both,GONNECT-both,0.596,False
CESC,293,MSE,down,GONNECT-SL-enc,GONNECT-SL-enc,0.253,False
CESC,293,MSE,down,GONNECT-SL-dec,GONNECT-SL-dec,0.257,False
CESC,293,MSE,down,GONNECT-SL-both,GONNECT-SL-both,0.224,False
CESC,293,MSE,down,GONNECT-R-enc,GONNECT-DPR-enc,0.301,False
CESC,293,MSE,down,GONNECT-R-dec,GONNECT-DPR-dec,0.628,False
CESC,293,MSE,down,GONNECT-R-both,GONNECT-DPR-both,0.676,False
KIRP,282,MSE,down,MLP,MLP,0.22,False
KIRP,282,MSE,down,GONNECT-enc,GONNECT-enc,0.234,False
KIRP,282,MSE,down,GONNECT-dec,GONNECT-dec,0.612,False
KIRP,282,MSE,down,GONNECT-both,GONNECT-both,0.662,False
KIRP,282,MSE,down,GONNECT-SL-enc,GONNECT-SL-enc,0.205,False
KIRP,282,MSE,down,GONNECT-SL-dec,GONNECT-SL-dec,0.214,False
KIRP,282,MSE,down,GONNECT-SL-both,GONNECT-SL-both,0.186,False
KIRP,282,MSE,down,GONNECT-R-enc,GONNECT-DPR-enc,0.239,False
KIRP,282,MSE,down,GONNECT-R-dec,GONNECT-DPR-dec,0.658,False
KIRP,282,MSE,down,GONNECT-R-both,GONNECT-DPR-both,0.719,False
SARC,250,MSE,down,MLP,MLP,0.341,False
SARC,250,MSE,down,GONNECT-enc,GONNECT-enc,0.355,False
SARC,250,MSE,down,GONNECT-dec,GONNECT-dec,0.709,False
SARC,250,MSE,down,GONNECT-both,GONNECT-both,0.764,False
SARC,250,MSE,down,GONNECT-SL-enc,GONNECT-SL-enc,0.32,False
SARC,250,MSE,down,GONNECT-SL-dec,GONNECT-SL-dec,0.322,False
SARC,250,MSE,down,GONNECT-SL-both,GONNECT-SL-both,0.289,False
SARC,250,MSE,down,GONNECT-R-enc,GONNECT-DPR-enc,0.386,False
SARC,250,MSE,down,GONNECT-R-dec,GONNECT-DPR-dec,0.784,False
SARC,250,MSE,down,GONNECT-R-both,GONNECT-DPR-both,0.843,False
ESCA,180,MSE,down,MLP,MLP,0.271,False
ESCA,180,MSE,down,GONNECT-enc,GONNECT-enc,0.296,False
ESCA,180,MSE,down,GONNECT-dec,GONNECT-dec,0.659,False
ESCA,180,MSE,down,GONNECT-both,GONNECT-both,0.681,False
ESCA,180,MSE,down,GONNECT-SL-enc,GONNECT-SL-enc,0.24,False
ESCA,180,MSE,down,GONNECT-SL-dec,GONNECT-SL-dec,0.25,False
ESCA,180,MSE,down,GONNECT-SL-both,GONNECT-SL-both,0.21,False
ESCA,180,MSE,down,GONNECT-R-enc,GONNECT-DPR-enc,0.288,False
ESCA,180,MSE,down,GONNECT-R-dec,GONNECT-DPR-dec,0.715,False
ESCA,180,MSE,down,GONNECT-R-both,GONNECT-DPR-both,0.764,False
PCPG,177,MSE,down,MLP,MLP,0.273,False
PCPG,177,MSE,down,GONNECT-enc,GONNECT-enc,0.279,False
PCPG,177,MSE,down,GONNECT-dec,GONNECT-dec,0.903,False
PCPG,177,MSE,down,GONNECT-both,GONNECT-both,1.041,False
PCPG,177,MSE,down,GONNECT-SL-enc,GONNECT-SL-enc,0.244,False
PCPG,177,MSE,down,GONNECT-SL-dec,GONNECT-SL-dec,0.258,False
PCPG,177,MSE,down,GONNECT-SL-both,GONNECT-SL-both,0.211,False
PCPG,177,MSE,down,GONNECT-R-enc,GONNECT-DPR-enc,0.278,False
PCPG,177,MSE,down,GONNECT-R-dec,GONNECT-DPR-dec,1.125,False
PCPG,177,MSE,down,GONNECT-R-both,GONNECT-DPR-both,1.241,False
PAAD,173,MSE,down,MLP,MLP,0.322,False
PAAD,173,MSE,down,GONNECT-enc,GONNECT-enc,0.304,False
PAAD,173,MSE,down,GONNECT-dec,GONNECT-dec,1.452,False
PAAD,173,MSE,down,GONNECT-both,GONNECT-both,1.547,False
PAAD,173,MSE,down,GONNECT-SL-enc,GONNECT-SL-enc,0.28,False
PAAD,173,MSE,down,GONNECT-SL-dec,GONNECT-SL-dec,0.293,False
PAAD,173,MSE,down,GONNECT-SL-both,GONNECT-SL-both,0.25,False
PAAD,173,MSE,down,GONNECT-R-enc,GONNECT-DPR-enc,0.327,False
PAAD,173,MSE,down,GONNECT-R-dec,GONNECT-DPR-dec,1.497,False
PAAD,173,MSE,down,GONNECT-R-both,GONNECT-DPR-both,1.58,False
READ,148,MSE,down,MLP,MLP,0.175,False
READ,148,MSE,down,GONNECT-enc,GONNECT-enc,0.173,False
READ,148,MSE,down,GONNECT-dec,GONNECT-dec,0.531,False
READ,148,MSE,down,GONNECT-both,GONNECT-both,0.555,False
READ,148,MSE,down,GONNECT-SL-enc,GONNECT-SL-enc,0.162,False
READ,148,MSE,down,GONNECT-SL-dec,GONNECT-SL-dec,0.173,False
READ,148,MSE,down,GONNECT-SL-both,GONNECT-SL-both,0.144,False
READ,148,MSE,down,GONNECT-R-enc,GONNECT-DPR-enc,0.193,False
READ,148,MSE,down,GONNECT-R-dec,GONNECT-DPR-dec,0.556,False
READ,148,MSE,down,GONNECT-R-both,GONNECT-DPR-both,0.601,False
TGCT,138,MSE,down,MLP,MLP,0.278,False
TGCT,138,MSE,down,GONNECT-enc,GONNECT-enc,0.287,False
TGCT,138,MSE,down,GONNECT-dec,GONNECT-dec,1.525,False
TGCT,138,MSE,down,GONNECT-both,GONNECT-both,1.537,False
TGCT,138,MSE,down,GONNECT-SL-enc,GONNECT-SL-enc,0.228,False
TGCT,138,MSE,down,GONNECT-SL-dec,GONNECT-SL-dec,0.254,False
TGCT,138,MSE,down,GONNECT-SL-both,GONNECT-SL-both,0.207,False
TGCT,138,MSE,down,GONNECT-R-enc,GONNECT-DPR-enc,0.266,False
TGCT,138,MSE,down,GONNECT-R-dec,GONNECT-DPR-dec,1.63,False
TGCT,138,MSE,down,GONNECT-R-both,GONNECT-DPR-both,1.678,False
LAML,137,MSE,down,MLP,MLP,0.227,False
LAML,137,MSE,down,GONNECT-enc,GONNECT-enc,0.222,False
LAML,137,MSE,down,GONNECT-dec,GONNECT-dec,1.252,False
LAML,137,MSE,down,GONNECT-both,GONNECT-both,1.472,False
LAML,137,MSE,down,GONNECT-SL-enc,GONNECT-SL-enc,0.198,False
LAML,137,MSE,down,GONNECT-SL-dec,GONNECT-SL-dec,0.232,False
LAML,137,MSE,down,GONNECT-SL-both,GONNECT-SL-both,0.198,False
LAML,137,MSE,down,GONNECT-R-enc,GONNECT-DPR-enc,0.224,False
LAML,137,MSE,down,GONNECT-R-dec,GONNECT-DPR-dec,1.39,False
LAML,137,MSE,down,GONNECT-R-both,GONNECT-DPR-both,1.57,False
THYM,119,MSE,down,MLP,MLP,0.246,False
THYM,119,MSE,down,GONNECT-enc,GONNECT-enc,0.257,False
THYM,119,MSE,down,GONNECT-dec,GONNECT-dec,0.959,False
THYM,119,MSE,down,GONNECT-both,GONNECT-both,1.03,False
THYM,119,MSE,down,GONNECT-SL-enc,GONNECT-SL-enc,0.215,False
THYM,119,MSE,down,GONNECT-SL-dec,GONNECT-SL-dec,0.231,False
THYM,119,MSE,down,GONNECT-SL-both,GONNECT-SL-both,0.205,False
THYM,119,MSE,down,GONNECT-R-enc,GONNECT-DPR-enc,0.259,False
THYM,119,MSE,down,GONNECT-R-dec,GONNECT-DPR-dec,1.04,False
THYM,119,MSE,down,GONNECT-R-both,GONNECT-DPR-both,1.103,False
MESO,87,MSE,down,MLP,MLP,0.286,False
MESO,87,MSE,down,GONNECT-enc,GONNECT-enc,0.293,False
MESO,87,MSE,down,GONNECT-dec,GONNECT-dec,0.635,False
MESO,87,MSE,down,GONNECT-both,GONNECT-both,0.672,False
MESO,87,MSE,down,GONNECT-SL-enc,GONNECT-SL-enc,0.259,False
MESO,87,MSE,down,GONNECT-SL-dec,GONNECT-SL-dec,0.264,False
MESO,87,MSE,down,GONNECT-SL-both,GONNECT-SL-both,0.243,False
MESO,87,MSE,down,GONNECT-R-enc,GONNECT-DPR-enc,0.316,False
MESO,87,MSE,down,GONNECT-R-dec,GONNECT-DPR-dec,0.667,False
MESO,87,MSE,down,GONNECT-R-both,GONNECT-DPR-both,0.714,False
UVM,77,MSE,down,MLP,MLP,0.234,False
UVM,77,MSE,down,GONNECT-enc,GONNECT-enc,0.229,False
UVM,77,MSE,down,GONNECT-dec,GONNECT-dec,0.78,False
UVM,77,MSE,down,GONNECT-both,GONNECT-both,0.926,False
UVM,77,MSE,down,GONNECT-SL-enc,GONNECT-SL-enc,0.194,False
UVM,77,MSE,down,GONNECT-SL-dec,GONNECT-SL-dec,0.224,False
UVM,77,MSE,down,GONNECT-SL-both,GONNECT-SL-both,0.177,False
UVM,77,MSE,down,GONNECT-R-enc,GONNECT-DPR-enc,0.259,False
UVM,77,MSE,down,GONNECT-R-dec,GONNECT-DPR-dec,0.916,False
UVM,77,MSE,down,GONNECT-R-both,GONNECT-DPR-both,1.008,False
ACC,76,MSE,down,MLP,MLP,0.411,False
ACC,76,MSE,down,GONNECT-enc,GONNECT-enc,0.427,False
ACC,76,MSE,down,GONNECT-dec,GONNECT-dec,1.263,False
ACC,76,MSE,down,GONNECT-both,GONNECT-both,1.393,False
ACC,76,MSE,down,GONNECT-SL-enc,GONNECT-SL-enc,0.373,False
ACC,76,MSE,down,GONNECT-SL-dec,GONNECT-SL-dec,0.387,False
ACC,76,MSE,down,GONNECT-SL-both,GONNECT-SL-both,0.35,False
ACC,76,MSE,down,GONNECT-R-enc,GONNECT-DPR-enc,0.429,False
ACC,76,MSE,down,GONNECT-R-dec,GONNECT-DPR-dec,1.292,False
ACC,76,MSE,down,GONNECT-R-both,GONNECT-DPR-both,1.432,False
KICH,65,MSE,down,MLP,MLP,0.312,False
KICH,65,MSE,down,GONNECT-enc,GONNECT-enc,0.315,False
KICH,65,MSE,down,GONNECT-dec,GONNECT-dec,0.913,False
KICH,65,MSE,down,GONNECT-both,GONNECT-both,0.974,False
KICH,65,MSE,down,GONNECT-SL-enc,GONNECT-SL-enc,0.307,False
KICH,65,MSE,down,GONNECT-SL-dec,GONNECT-SL-dec,0.304,False
KICH,65,MSE,down,GONNECT-SL-both,GONNECT-SL-both,0.267,False
KICH,65,MSE,down,GONNECT-R-enc,GONNECT-DPR-enc,0.331,False
KICH,65,MSE,down,GONNECT-R-dec,GONNECT-DPR-dec,0.98,False
KICH,65,MSE,down,GONNECT-R-both,GONNECT-DPR-both,1.087,False
UCS,53,MSE,down,MLP,MLP,0.402,False
UCS,53,MSE,down,GONNECT-enc,GONNECT-enc,0.35,False
UCS,53,MSE,down,GONNECT-dec,GONNECT-dec,0.646,False
UCS,53,MSE,down,GONNECT-both,GONNECT-both,0.674,False
UCS,53,MSE,down,GONNECT-SL-enc,GONNECT-SL-enc,0.365,False
UCS,53,MSE,down,GONNECT-SL-dec,GONNECT-SL-dec,0.361,False
UCS,53,MSE,down,GONNECT-SL-both,GONNECT-SL-both,0.304,False
UCS,53,MSE,down,GONNECT-R-enc,GONNECT-DPR-enc,0.396,False
UCS,53,MSE,down,GONNECT-R-dec,GONNECT-DPR-dec,0.693,False
UCS,53,MSE,down,GONNECT-R-both,GONNECT-DPR-both,0.753,False
DLBC,45,MSE,down,MLP,MLP,0.268,False
DLBC,45,MSE,down,GONNECT-enc,GONNECT-enc,0.267,False
DLBC,45,MSE,down,GONNECT-dec,GONNECT-dec,0.638,False
DLBC,45,MSE,down,GONNECT-both,GONNECT-both,0.707,False
DLBC,45,MSE,down,GONNECT-SL-enc,GONNECT-SL-enc,0.222,False
DLBC,45,MSE,down,GONNECT-SL-dec,GONNECT-SL-dec,0.215,False
DLBC,45,MSE,down,GONNECT-SL-both,GONNECT-SL-both,0.211,False
DLBC,45,MSE,down,GONNECT-R-enc,GONNECT-DPR-enc,0.261,False
DLBC,45,MSE,down,GONNECT-R-dec,GONNECT-DPR-dec,0.692,False
DLBC,45,MSE,down,GONNECT-R-both,GONNECT-DPR-both,0.769,False
CHOL,35,MSE,down,MLP,MLP,0.421,False
CHOL,35,MSE,down,GONNECT-enc,GONNECT-enc,0.46,False
CHOL,35,MSE,down,GONNECT-dec,GONNECT-dec,0.77,False
CHOL,35,MSE,down,GONNECT-both,GONNECT-both,0.813,False
CHOL,35,MSE,down,GONNECT-SL-enc,GONNECT-SL-enc,0.413,False
CHOL,35,MSE,down,GONNECT-SL-dec,GONNECT-SL-dec,0.432,False
CHOL,35,MSE,down,GONNECT-SL-both,GONNECT-SL-both,0.374,False
CHOL,35,MSE,down,GONNECT-R-enc,GONNECT-DPR-enc,0.447,False
CHOL,35,MSE,down,GONNECT-R-dec,GONNECT-DPR-dec,0.847,False
CHOL,35,MSE,down,GONNECT-R-both,GONNECT-DPR-both,0.915,False
