cancer_type,abundance,metric,direction,method,method_label,value,diverged
BRCA,1060,knn_purity_k10,up,MLP,MLP,0.9827169811320754,False
BRCA,1060,knn_purity_k10,up,GONNECT-enc,GONNECT-enc,0.8674716981132076,False
BRCA,1060,knn_purity_k10,up,GONNECT-dec,GONNECT-dec,0.9651698113207547,False
BRCA,1060,knn_purity_k10,up,GONNECT-both,GONNECT-both,0.8361886792452831,False
BRCA,1060,knn_purity_k10,up,GONNECT-SL-enc,GONNECT-SL-enc,0.9778490566037736,False
BRCA,1060,knn_purity_k10,up,GONNECT-SL-dec,GONNECT-SL-dec,0.9852452830188678,False
BRCA,1060,knn_purity_k10,up,GONNECT-SL-both,GONNECT-SL-both,0.9827924528301886,False
BRCA,1060,knn_purity_k10,up,GONNECT-R-enc,GONNECT-DPR-enc,0.9285660377358488,False
BRCA,1060,knn_purity_k10,up,GONNECT-R-dec,GONNECT-DPR-dec,0.966,False
BRCA,1060,knn_purity_k10,up,GONNECT-R-both,GONNECT-DPR-both,0.9122264150943395,False
LUAD,516,knn_purity_k10,up,MLP,MLP,0.908565891472868,False
LUAD,516,knn_purity_k10,up,GONNECT-enc,GONNECT-enc,0.7882170542635658,False
LUAD,516,knn_purity_k10,up,GONNECT-dec,GONNECT-dec,0.8912403100775194,False
LUAD,516,knn_purity_k10,up,GONNECT-both,GONNECT-both,0.7240310077519381,False
LUAD,516,knn_purity_k10,up,GONNECT-SL-enc,GONNECT-SL-enc,0.8982170542635659,False
LUAD,516,knn_purity_k10,up,GONNECT-SL-dec,GONNECT-SL-dec,0.91968992248062,False
LUAD,516,knn_purity_k10,up,GONNECT-SL-both,GONNECT-SL-both,0.9061627906976744,False
LUAD,516,knn_purity_k10,up,GONNECT-R-enc,GONNECT-DPR-enc,0.7432945736434109,False
LUAD,516,knn_purity_k10,up,GONNECT-R-dec,GONNECT-DPR-dec,0.8752325581395348,False
LUAD,516,knn_purity_k10,up,GONNECT-R-both,GONNECT-DPR-both,0.72,False
UCEC,513,knn_purity_k10,up,MLP,MLP,0.8753606237816765,False
UCEC,513,knn_purity_k10,up,GONNECT-enc,GONNECT-enc,0.6138791423001949,False
UCEC,513,knn_purity_k10,up,GONNECT-dec,GONNECT-dec,0.7779337231968811,False
UCEC,513,knn_purity_k10,up,GONNECT-both,GONNECT-both,0.6481481481481483,False
UCEC,513,knn_purity_k10,up,GONNECT-SL-enc,GONNECT-SL-enc,0.8441325536062377,False
UCEC,513,knn_purity_k10,up,GONNECT-SL-dec,GONNECT-SL-dec,0.888187134502924,False
UCEC,513,knn_purity_k10,up,GONNECT-SL-both,GONNECT-SL-both,0.8737621832358673,False
UCEC,513,knn_purity_k10,up,GONNECT-R-enc,GONNECT-DPR-enc,0.7205068226120858,False
UCEC,513,knn_purity_k10,up,GONNECT-R-dec,GONNECT-DPR-dec,0.7937621832358674,False
UCEC,513,knn_purity_k10,up,GONNECT-R-both,GONNECT-DPR-both,0.6855750487329435,False
LGG,511,knn_purity_k10,up,MLP,MLP,0.9957729941291584,False
LGG,511,knn_purity_k10,up,GONNECT-enc,GONNECT-enc,0.9927592954990216,False
LGG,511,knn_purity_k10,up,GONNECT-dec,GONNECT-dec,0.9945988258317028,False
LGG,511,knn_purity_k10,up,GONNECT-both,GONNECT-both,0.9922896281800392,False
LGG,511,knn_purity_k10,up,GONNECT-SL-enc,GONNECT-SL-enc,0.9945205479452056,False
LGG,511,knn_purity_k10,up,GONNECT-SL-dec,GONNECT-SL-dec,0.9965949119373776,False
LGG,511,knn_purity_k10,up,GONNECT-SL-both,GONNECT-SL-both,0.9958512720156556,False
LGG,511,knn_purity_k10,up,GONNECT-R-enc,GONNECT-DPR-enc,0.9929549902152642,False
LGG,511,knn_purity_k10,up,GONNECT-R-dec,GONNECT-DPR-dec,0.994246575342466,False
LGG,511,knn_purity_k10,up,GONNECT-R-both,GONNECT-DPR-both,0.993894324853229,False
KIRC,508,knn_purity_k10,up,MLP,MLP,0.9218897637795276,False
KIRC,508,knn_purity_k10,up,GONNECT-enc,GONNECT-enc,0.8970866141732283,False
KIRC,508,knn_purity_k10,up,GONNECT-dec,GONNECT-dec,0.9075984251968504,False
KIRC,508,knn_purity_k10,up,GONNECT-both,GONNECT-both,0.8965748031496062,False
KIRC,508,knn_purity_k10,up,GONNECT-SL-enc,GONNECT-SL-enc,0.91751968503937,False
KIRC,508,knn_purity_k10,up,GONNECT-SL-dec,GONNECT-SL-dec,0.9224015748031495,False
KIRC,508,knn_purity_k10,up,GONNECT-SL-both,GONNECT-SL-both,0.9214173228346456,False
KIRC,508,knn_purity_k10,up,GONNECT-R-enc,GONNECT-DPR-enc,0.8811811023622047,False
KIRC,508,knn_purity_k10,up,GONNECT-R-dec,GONNECT-DPR-dec,0.9087795275590552,False
KIRC,508,knn_purity_k10,up,GONNECT-R-both,GONNECT-DPR-both,0.8823622047244095,False
HNSC,498,knn_purity_k10,up,MLP,MLP,0.7780722891566266,False
HNSC,498,knn_purity_k10,up,GONNECT-enc,GONNECT-enc,0.6812449799196787,False
HNSC,498,knn_purity_k10,up,GONNECT-dec,GONNECT-dec,0.7030923694779116,False
HNSC,498,knn_purity_k10,up,GONNECT-both,GONNECT-both,0.691285140562249,False
HNSC,498,knn_purity_k10,up,GONNECT-SL-enc,GONNECT-SL-enc,0.7314056224899599,False
HNSC,498,knn_purity_k10,up,GONNECT-SL-dec,GONNECT-SL-dec,0.7790361445783132,False
HNSC,498,knn_purity_k10,up,GONNECT-SL-both,GONNECT-SL-both,0.7648995983935744,False
HNSC,498,knn_purity_k10,up,GONNECT-R-enc,GONNECT-DPR-enc,0.631285140562249,False
HNSC,498,knn_purity_k10,up,GONNECT-R-dec,GONNECT-DPR-dec,0.6870281124497992,False
HNSC,498,knn_purity_k10,up,GONNECT-R-both,GONNECT-DPR-both,0.6141767068273093,False
THCA,497,knn_purity_k10,up,MLP,MLP,0.9950905432595574,False
THCA,497,knn_purity_k10,up,GONNECT-enc,GONNECT-enc,0.97943661971831,False
THCA,497,knn_purity_k10,up,GONNECT-dec,GONNECT-dec,0.9927162977867204,False
THCA,497,knn_purity_k10,up,GONNECT-both,GONNECT-both,0.969215291750503,False
THCA,497,knn_purity_k10,up,GONNECT-SL-enc,GONNECT-SL-enc,0.9940845070422536,False
THCA,497,knn_purity_k10,up,GONNECT-SL-dec,GONNECT-SL-dec,0.9975050301810866,False
THCA,497,knn_purity_k10,up,GONNECT-SL-both,GONNECT-SL-both,0.9972635814889336,False
THCA,497,knn_purity_k10,up,GONNECT-R-enc,GONNECT-DPR-enc,0.9771428571428572,False
THCA,497,knn_purity_k10,up,GONNECT-R-dec,GONNECT-DPR-dec,0.9938430583501006,False
THCA,497,knn_purity_k10,up,GONNECT-R-both,GONNECT-DPR-both,0.9788732394366196,False
PRAD,477,knn_purity_k10,up,MLP,MLP,0.99748427672956,False
PRAD,477,knn_purity_k10,up,GONNECT-enc,GONNECT-enc,0.9879245283018868,False
PRAD,477,knn_purity_k10,up,GONNECT-dec,GONNECT-dec,0.9944234800838574,False
PRAD,477,knn_purity_k10,up,GONNECT-both,GONNECT-both,0.9942557651991616,False
PRAD,477,knn_purity_k10,up,GONNECT-SL-enc,GONNECT-SL-enc,0.9955136268343816,False
PRAD,477,knn_purity_k10,up,GONNECT-SL-dec,GONNECT-SL-dec,0.9982389937106918,False
PRAD,477,knn_purity_k10,up,GONNECT-SL-both,GONNECT-SL-both,0.998867924528302,False
PRAD,477,knn_purity_k10,up,GONNECT-R-enc,GONNECT-DPR-enc,0.9859958071278824,False
PRAD,477,knn_purity_k10,up,GONNECT-R-dec,GONNECT-DPR-dec,0.9952201257861636,False
PRAD,477,knn_purity_k10,up,GONNECT-R-both,GONNECT-DPR-both,0.9754716981132076,False
LUSC,460,knn_purity_k10,up,MLP,MLP,0.7724347826086957,False
LUSC,460,knn_purity_k10,up,GONNECT-enc,GONNECT-enc,0.609304347826087,False
LUSC,460,knn_purity_k10,up,GONNECT-dec,GONNECT-dec,0.7030869565217392,False
LUSC,460,knn_purity_k10,up,GONNECT-both,GONNECT-both,0.5395217391304348,False
LUSC,460,knn_purity_k10,up,GONNECT-SL-enc,GONNECT-SL-enc,0.7535217391304349,False
LUSC,460,knn_purity_k10,up,GONNECT-SL-dec,GONNECT-SL-dec,0.7886086956521738,False
LUSC,460,knn_purity_k10,up,GONNECT-SL-both,GONNECT-SL-both,0.7709565217391304,False
LUSC,460,knn_purity_k10,up,GONNECT-R-enc,GONNECT-DPR-enc,0.5936521739130435,False
LUSC,460,knn_purity_k10,up,GONNECT-R-dec,GONNECT-DPR-dec,0.6866521739130435,False
LUSC,460,knn_purity_k10,up,GONNECT-R-both,GONNECT-DPR-both,0.5651739130434783,False
SKCM,440,knn_purity_k10,up,MLP,MLP,0.9419545454545456,False
SKCM,440,knn_purity_k10,up,GONNECT-enc,GONNECT-enc,0.8731818181818183,False
SKCM,440,knn_purity_k10,up,GONNECT-dec,GONNECT-dec,0.9323181818181816,False
SKCM,440,knn_purity_k10,up,GONNECT-both,GONNECT-both,0.8535454545454545,False
SKCM,440,knn_purity_k10,up,GONNECT-SL-enc,GONNECT-SL-enc,0.936,False
SKCM,440,knn_purity_k10,up,GONNECT-SL-dec,GONNECT-SL-dec,0.9529545454545454,False
SKCM,440,knn_purity_k10,up,GONNECT-SL-both,GONNECT-SL-both,0.9410454545454544,False
SKCM,440,knn_purity_k10,up,GONNECT-R-enc,GONNECT-DPR-enc,0.8883181818181818,False
SKCM,440,knn_purity_k10,up,GONNECT-R-dec,GONNECT-DPR-dec,0.9296363636363636,False
SKCM,440,knn_purity_k10,up,GONNECT-R-both,GONNECT-DPR-both,0.8967272727272727,False
COAD,433,knn_purity_k10,up,MLP,MLP,0.7011085450346421,False
COAD,433,knn_purity_k10,up,GONNECT-enc,GONNECT-enc,0.6603695150115472,False
COAD,433,knn_purity_k10,up,GONNECT-dec,GONNECT-dec,0.6630484988452656,False
COAD,433,knn_purity_k10,up,GONNECT-both,GONNECT-both,0.6466974595842956,False
COAD,433,knn_purity_k10,up,GONNECT-SL-enc,GONNECT-SL-enc,0.6867898383371825,False
COAD,433,knn_purity_k10,up,GONNECT-SL-dec,GONNECT-SL-dec,0.7164896073903003,False
COAD,433,knn_purity_k10,up,GONNECT-SL-both,GONNECT-SL-both,0.7038337182448036,False
COAD,433,knn_purity_k10,up,GONNECT-R-enc,GONNECT-DPR-enc,0.663879907621247,False
COAD,433,knn_purity_k10,up,GONNECT-R-dec,GONNECT-DPR-dec,0.6675750577367205,False
COAD,433,knn_purity_k10,up,GONNECT-R-both,GONNECT-DPR-both,0.638891454965358,False
OV,403,knn_purity_k10,up,MLP,MLP,0.9344913151364764,False
OV,403,knn_purity_k10,up,GONNECT-enc,GONNECT-enc,0.7874441687344913,False
OV,403,knn_purity_k10,up,GONNECT-dec,GONNECT-dec,0.8773697270471464,False
OV,403,knn_purity_k10,up,GONNECT-both,GONNECT-both,0.7430272952853597,False
OV,403,knn_purity_k10,up,GONNECT-SL-enc,GONNECT-SL-enc,0.9292803970223324,False
OV,403,knn_purity_k10,up,GONNECT-SL-dec,GONNECT-SL-dec,0.9397518610421838,False
OV,403,knn_purity_k10,up,GONNECT-SL-both,GONNECT-SL-both,0.93727047146402,False
OV,403,knn_purity_k10,up,GONNECT-R-enc,GONNECT-DPR-enc,0.8183126550868487,False
OV,403,knn_purity_k10,up,GONNECT-R-dec,GONNECT-DPR-dec,0.896228287841191,False
OV,403,knn_purity_k10,up,GONNECT-R-both,GONNECT-DPR-both,0.7880397022332507,False
STAD,397,knn_purity_k10,up,MLP,MLP,0.7502267002518892,False
STAD,397,knn_purity_k10,up,GONNECT-enc,GONNECT-enc,0.4795969773299748,False
STAD,397,knn_purity_k10,up,GONNECT-dec,GONNECT-dec,0.594609571788413,False
STAD,397,knn_purity_k10,up,GONNECT-both,GONNECT-both,0.4698236775818639,False
STAD,397,knn_purity_k10,up,GONNECT-SL-enc,GONNECT-SL-enc,0.6982871536523929,False
STAD,397,knn_purity_k10,up,GONNECT-SL-dec,GONNECT-SL-dec,0.776675062972292,False
STAD,397,knn_purity_k10,up,GONNECT-SL-both,GONNECT-SL-both,0.7426700251889169,False
STAD,397,knn_purity_k10,up,GONNECT-R-enc,GONNECT-DPR-enc,0.4858438287153652,False
STAD,397,knn_purity_k10,up,GONNECT-R-dec,GONNECT-DPR-dec,0.612544080604534,False
STAD,397,knn_purity_k10,up,GONNECT-R-both,GONNECT-DPR-both,0.4626196473551637,False
BLCA,387,knn_purity_k10,up,MLP,MLP,0.7936434108527133,False
BLCA,387,knn_purity_k10,up,GONNECT-enc,GONNECT-enc,0.5717829457364341,False
BLCA,387,knn_purity_k10,up,GONNECT-dec,GONNECT-dec,0.6953488372093023,False
BLCA,387,knn_purity_k10,up,GONNECT-both,GONNECT-both,0.5872868217054263,False
BLCA,387,knn_purity_k10,up,GONNECT-SL-enc,GONNECT-SL-enc,0.7377777777777779,False
BLCA,387,knn_purity_k10,up,GONNECT-SL-dec,GONNECT-SL-dec,0.7962273901808785,False
BLCA,387,knn_purity_k10,up,GONNECT-SL-both,GONNECT-SL-both,0.7727648578811369,False
BLCA,387,knn_purity_k10,up,GONNECT-R-enc,GONNECT-DPR-enc,0.5668733850129198,False
BLCA,387,knn_purity_k10,up,GONNECT-R-dec,GONNECT-DPR-dec,0.6819121447028424,False
BLCA,387,knn_purity_k10,up,GONNECT-R-both,GONNECT-DPR-both,0.5649095607235142,False
LIHC,362,knn_purity_k10,up,MLP,MLP,0.9524309392265192,False
LIHC,362,knn_purity_k10,up,GONNECT-enc,GONNECT-enc,0.95353591160221,False
LIHC,362,knn_purity_k10,up,GONNECT-dec,GONNECT-dec,0.9456906077348066,False
LIHC,362,knn_purity_k10,up,GONNECT-both,GONNECT-both,0.952099447513812,False
LIHC,362,knn_purity_k10,up,GONNECT-SL-enc,GONNECT-SL-enc,0.9569613259668508,False
LIHC,362,knn_purity_k10,up,GONNECT-SL-dec,GONNECT-SL-dec,0.9534254143646408,False
LIHC,362,knn_purity_k10,up,GONNECT-SL-both,GONNECT-SL-both,0.9576243093922652,False
LIHC,362,knn_purity_k10,up,GONNECT-R-enc,GONNECT-DPR-enc,0.9478453038674032,False
LIHC,362,knn_purity_k10,up,GONNECT-R-dec,GONNECT-DPR-dec,0.95,False
LIHC,362,knn_purity_k10,up,GONNECT-R-both,GONNECT-DPR-both,0.9467955801104972,False
CESC,293,knn_purity_k10,up,MLP,MLP,0.6779522184300342,False
CESC,293,knn_purity_k10,up,GONNECT-enc,GONNECT-enc,0.4490784982935154,False
CESC,293,knn_purity_k10,up,GONNECT-dec,GONNECT-dec,0.5114675767918089,False
CESC,293,knn_purity_k10,up,GONNECT-both,GONNECT-both,0.4194539249146757,False
CESC,293,knn_purity_k10,up,GONNECT-SL-enc,GONNECT-SL-enc,0.6159726962457339,False
CESC,293,knn_purity_k10,up,GONNECT-SL-dec,GONNECT-SL-dec,0.6931058020477815,False
CESC,293,knn_purity_k10,up,GONNECT-SL-both,GONNECT-SL-both,0.6692150170648464,False
CESC,293,knn_purity_k10,up,GONNECT-R-enc,GONNECT-DPR-enc,0.4262798634812286,False
CESC,293,knn_purity_k10,up,GONNECT-R-dec,GONNECT-DPR-dec,0.5058703071672356,False
CESC,293,knn_purity_k10,up,GONNECT-R-both,GONNECT-DPR-both,0.3621160409556314,False
KIRP,282,knn_purity_k10,up,MLP,MLP,0.8922695035460994,False
KIRP,282,knn_purity_k10,up,GONNECT-enc,GONNECT-enc,0.8366666666666667,False
KIRP,282,knn_purity_k10,up,GONNECT-dec,GONNECT-dec,0.8652482269503547,False
KIRP,282,knn_purity_k10,up,GONNECT-both,GONNECT-both,0.8165248226950356,False
KIRP,282,knn_purity_k10,up,GONNECT-SL-enc,GONNECT-SL-enc,0.8864539007092199,False
KIRP,282,knn_purity_k10,up,GONNECT-SL-dec,GONNECT-SL-dec,0.8956737588652481,False
KIRP,282,knn_purity_k10,up,GONNECT-SL-both,GONNECT-SL-both,0.9002127659574468,False
KIRP,282,knn_purity_k10,up,GONNECT-R-enc,GONNECT-DPR-enc,0.8314184397163119,False
KIRP,282,knn_purity_k10,up,GONNECT-R-dec,GONNECT-DPR-dec,0.8672340425531916,False
KIRP,282,knn_purity_k10,up,GONNECT-R-both,GONNECT-DPR-both,0.8026241134751773,False
SARC,250,knn_purity_k10,up,MLP,MLP,0.87632,False
SARC,250,knn_purity_k10,up,GONNECT-enc,GONNECT-enc,0.68936,False
SARC,250,knn_purity_k10,up,GONNECT-dec,GONNECT-dec,0.84512,False
SARC,250,knn_purity_k10,up,GONNECT-both,GONNECT-both,0.6433600000000002,False
SARC,250,knn_purity_k10,up,GONNECT-SL-enc,GONNECT-SL-enc,0.85944,False
SARC,250,knn_purity_k10,up,GONNECT-SL-dec,GONNECT-SL-dec,0.88744,False
SARC,250,knn_purity_k10,up,GONNECT-SL-both,GONNECT-SL-both,0.8652,False
SARC,250,knn_purity_k10,up,GONNECT-R-enc,GONNECT-DPR-enc,0.7183200000000001,False
SARC,250,knn_purity_k10,up,GONNECT-R-dec,GONNECT-DPR-dec,0.85624,False
SARC,250,knn_purity_k10,up,GONNECT-R-both,GONNECT-DPR-both,0.72144,False
ESCA,180,knn_purity_k10,up,MLP,MLP,0.3586666666666667,False
ESCA,180,knn_purity_k10,up,GONNECT-enc,GONNECT-enc,0.2196666666666666,False
ESCA,180,knn_purity_k10,up,GONNECT-dec,GONNECT-dec,0.2558888888888889,False
ESCA,180,knn_purity_k10,up,GONNECT-both,GONNECT-both,0.2223333333333333,False
ESCA,180,knn_purity_k10,up,GONNECT-SL-enc,GONNECT-SL-enc,0.337,False
ESCA,180,knn_purity_k10,up,GONNECT-SL-dec,GONNECT-SL-dec,0.3731111111111111,False
ESCA,180,knn_purity_k10,up,GONNECT-SL-both,GONNECT-SL-both,0.3924444444444444,False
ESCA,180,knn_purity_k10,up,GONNECT-R-enc,GONNECT-DPR-enc,0.1838888888888888,False
ESCA,180,knn_purity_k10,up,GONNECT-R-dec,GONNECT-DPR-dec,0.2406666666666666,False
ESCA,180,knn_purity_k10,up,GONNECT-R-both,GONNECT-DPR-both,0.1607777777777777,False
PCPG,177,knn_purity_k10,up,MLP,MLP,0.990734463276836,False
PCPG,177,knn_purity_k10,up,GONNECT-enc,GONNECT-enc,0.9816949152542372,False
PCPG,177,knn_purity_k10,up,GONNECT-dec,GONNECT-dec,0.9924293785310734,False
PCPG,177,knn_purity_k10,up,GONNECT-both,GONNECT-both,0.985084745762712,False
PCPG,177,knn_purity_k10,up,GONNECT-SL-enc,GONNECT-SL-enc,0.9899435028248588,False
PCPG,177,knn_purity_k10,up,GONNECT-SL-dec,GONNECT-SL-dec,0.9905084745762712,False
PCPG,177,knn_purity_k10,up,GONNECT-SL-both,GONNECT-SL-both,0.9908474576271188,False
PCPG,177,knn_purity_k10,up,GONNECT-R-enc,GONNECT-DPR-enc,0.97954802259887,False
PCPG,177,knn_purity_k10,up,GONNECT-R-dec,GONNECT-DPR-dec,0.9884745762711864,False
PCPG,177,knn_purity_k10,up,GONNECT-R-both,GONNECT-DPR-both,0.9833898305084744,False
PAAD,173,knn_purity_k10,up,MLP,MLP,0.855028901734104,False
PAAD,173,knn_purity_k10,up,GONNECT-enc,GONNECT-enc,0.758150289017341,False
PAAD,173,knn_purity_k10,up,GONNECT-dec,GONNECT-dec,0.7944508670520232,False
PAAD,173,knn_purity_k10,up,GONNECT-both,GONNECT-both,0.7092485549132947,False
PAAD,173,knn_purity_k10,up,GONNECT-SL-enc,GONNECT-SL-enc,0.8569942196531791,False
PAAD,173,knn_purity_k10,up,GONNECT-SL-dec,GONNECT-SL-dec,0.8841618497109828,False
PAAD,173,knn_purity_k10,up,GONNECT-SL-both,GONNECT-SL-both,0.8610404624277457,False
PAAD,173,knn_purity_k10,up,GONNECT-R-enc,GONNECT-DPR-enc,0.753179190751445,False
PAAD,173,knn_purity_k10,up,GONNECT-R-dec,GONNECT-DPR-dec,0.7870520231213873,False
PAAD,173,knn_purity_k10,up,GONNECT-R-both,GONNECT-DPR-both,0.7455491329479769,False
READ,148,knn_purity_k10,up,MLP,MLP,0.2979729729729729,False
READ,148,knn_purity_k10,up,GONNECT-enc,GONNECT-enc,0.2568918918918919,False
READ,148,knn_purity_k10,up,GONNECT-dec,GONNECT-dec,0.2804054054054054,False
READ,148,knn_purity_k10,up,GONNECT-both,GONNECT-both,0.2586486486486486,False
READ,148,knn_purity_k10,up,GONNECT-SL-enc,GONNECT-SL-enc,0.3127027027027027,False
READ,148,knn_purity_k10,up,GONNECT-SL-dec,GONNECT-SL-dec,0.3144594594594594,False
READ,148,knn_purity_k10,up,GONNECT-SL-both,GONNECT-SL-both,0.3186486486486486,False
READ,148,knn_purity_k10,up,GONNECT-R-enc,GONNECT-DPR-enc,0.2701351351351351,False
READ,148,knn_purity_k10,up,GONNECT-R-dec,GONNECT-DPR-dec,0.2945945945945946,False
READ,148,knn_purity_k10,up,GONNECT-R-both,GONNECT-DPR-both,0.2522972972972973,False
TGCT,138,knn_purity_k10,up,MLP,MLP,0.9217391304347826,False
TGCT,138,knn_purity_k10,up,GONNECT-enc,GONNECT-enc,0.9252173913043478,False
TGCT,138,knn_purity_k10,up,GONNECT-dec,GONNECT-dec,0.8779710144927536,False
TGCT,138,knn_purity_k10,up,GONNECT-both,GONNECT-both,0.8604347826086955,False
TGCT,138,knn_purity_k10,up,GONNECT-SL-enc,GONNECT-SL-enc,0.934927536231884,False
TGCT,138,knn_purity_k10,up,GONNECT-SL-dec,GONNECT-SL-dec,0.9444927536231884,False
TGCT,138,knn_purity_k10,up,GONNECT-SL-both,GONNECT-SL-both,0.9439130434782608,False
TGCT,138,knn_purity_k10,up,GONNECT-R-enc,GONNECT-DPR-enc,0.8789855072463768,False
TGCT,138,knn_purity_k10,up,GONNECT-R-dec,GONNECT-DPR-dec,0.8626086956521739,False
TGCT,138,knn_purity_k10,up,GONNECT-R-both,GONNECT-DPR-both,0.862463768115942,False
LAML,137,knn_purity_k10,up,MLP,MLP,0.9953284671532844,False
LAML,137,knn_purity_k10,up,GONNECT-enc,GONNECT-enc,0.9997080291970804,False
LAML,137,knn_purity_k10,up,GONNECT-dec,GONNECT-dec,0.991240875912409,False
LAML,137,knn_purity_k10,up,GONNECT-both,GONNECT-both,0.9852554744525548,False
LAML,137,knn_purity_k10,up,GONNECT-SL-enc,GONNECT-SL-enc,0.9995620437956204,False
LAML,137,knn_purity_k10,up,GONNECT-SL-dec,GONNECT-SL-dec,0.9997080291970804,False
LAML,137,knn_purity_k10,up,GONNECT-SL-both,GONNECT-SL-both,1.0,False
LAML,137,knn_purity_k10,up,GONNECT-R-enc,GONNECT-DPR-enc,0.9870072992700732,False
LAML,137,knn_purity_k10,up,GONNECT-R-dec,GONNECT-DPR-dec,0.9953284671532844,False
LAML,137,knn_purity_k10,up,GONNECT-R-both,GONNECT-DPR-both,0.9868613138686132,False
THYM,119,knn_purity_k10,up,MLP,MLP,0.9221848739495796,False
THYM,119,knn_purity_k10,up,GONNECT-enc,GONNECT-enc,0.8989915966386555,False
THYM,119,knn_purity_k10,up,GONNECT-dec,GONNECT-dec,0.9176470588235296,False
THYM,119,knn_purity_k10,up,GONNECT-both,GONNECT-both,0.853109243697479,False
THYM,119,knn_purity_k10,up,GONNECT-SL-enc,GONNECT-SL-enc,0.9391596638655464,False
THYM,119,knn_purity_k10,up,GONNECT-SL-dec,GONNECT-SL-dec,0.9391596638655464,False
THYM,119,knn_purity_k10,up,GONNECT-SL-both,GONNECT-SL-both,0.9512605042016806,False
THYM,119,knn_purity_k10,up,GONNECT-R-enc,GONNECT-DPR-enc,0.864201680672269,False
THYM,119,knn_purity_k10,up,GONNECT-R-dec,GONNECT-DPR-dec,0.9121008403361344,False
THYM,119,knn_purity_k10,up,GONNECT-R-both,GONNECT-DPR-both,0.8700840336134453,False
MESO,87,knn_purity_k10,up,MLP,MLP,0.8972413793103448,False
MESO,87,knn_purity_k10,up,GONNECT-enc,GONNECT-enc,0.504367816091954,False
MESO,87,knn_purity_k10,up,GONNECT-dec,GONNECT-dec,0.7977011494252874,False
MESO,87,knn_purity_k10,up,GONNECT-both,GONNECT-both,0.58,False
MESO,87,knn_purity_k10,up,GONNECT-SL-enc,GONNECT-SL-enc,0.8698850574712644,False
MESO,87,knn_purity_k10,up,GONNECT-SL-dec,GONNECT-SL-dec,0.9209195402298852,False
MESO,87,knn_purity_k10,up,GONNECT-SL-both,GONNECT-SL-both,0.9011494252873564,False
MESO,87,knn_purity_k10,up,GONNECT-R-enc,GONNECT-DPR-enc,0.64,False
MESO,87,knn_purity_k10,up,GONNECT-R-dec,GONNECT-DPR-dec,0.853103448275862,False
MESO,87,knn_purity_k10,up,GONNECT-R-both,GONNECT-DPR-both,0.6335632183908045,False
UVM,77,knn_purity_k10,up,MLP,MLP,0.962077922077922,False
UVM,77,knn_purity_k10,up,GONNECT-enc,GONNECT-enc,0.8987012987012987,False
UVM,77,knn_purity_k10,up,GONNECT-dec,GONNECT-dec,0.9311688311688312,False
UVM,77,knn_purity_k10,up,GONNECT-both,GONNECT-both,0.9018181818181816,False
UVM,77,knn_purity_k10,up,GONNECT-SL-enc,GONNECT-SL-enc,0.963896103896104,False
UVM,77,knn_purity_k10,up,GONNECT-SL-dec,GONNECT-SL-dec,0.9849350649350648,False
UVM,77,knn_purity_k10,up,GONNECT-SL-both,GONNECT-SL-both,0.9781818181818184,False
UVM,77,knn_purity_k10,up,GONNECT-R-enc,GONNECT-DPR-enc,0.9137662337662338,False
UVM,77,knn_purity_k10,up,GONNECT-R-dec,GONNECT-DPR-dec,0.934025974025974,False
UVM,77,knn_purity_k10,up,GONNECT-R-both,GONNECT-DPR-both,0.8818181818181818,False
ACC,76,knn_purity_k10,up,MLP,MLP,0.9444736842105262,False
ACC,76,knn_purity_k10,up,GONNECT-enc,GONNECT-enc,0.8792105263157894,False
ACC,76,knn_purity_k10,up,GONNECT-dec,GONNECT-dec,0.9097368421052632,False
ACC,76,knn_purity_k10,up,GONNECT-both,GONNECT-both,0.8639473684210527,False
ACC,76,knn_purity_k10,up,GONNECT-SL-enc,GONNECT-SL-enc,0.9515789473684212,False
ACC,76,knn_purity_k10,up,GONNECT-SL-dec,GONNECT-SL-dec,0.9560526315789474,False
ACC,76,knn_purity_k10,up,GONNECT-SL-both,GONNECT-SL-both,0.9413157894736844,False
ACC,76,knn_purity_k10,up,GONNECT-R-enc,GONNECT-DPR-enc,0.866842105263158,False
ACC,76,knn_purity_k10,up,GONNECT-R-dec,GONNECT-DPR-dec,0.9281578947368422,False
ACC,76,knn_purity_k10,up,GONNECT-R-both,GONNECT-DPR-both,0.848421052631579,False
KICH,65,knn_purity_k10,up,MLP,MLP,0.7763076923076924,False
KICH,65,knn_purity_k10,up,GONNECT-enc,GONNECT-enc,0.7390769230769232,False
KICH,65,knn_purity_k10,up,GONNECT-dec,GONNECT-dec,0.7661538461538461,False
KICH,65,knn_purity_k10,up,GONNECT-both,GONNECT-both,0.7246153846153846,False
KICH,65,knn_purity_k10,up,GONNECT-SL-enc,GONNECT-SL-enc,0.756923076923077,False
KICH,65,knn_purity_k10,up,GONNECT-SL-dec,GONNECT-SL-dec,0.8083076923076924,False
KICH,65,knn_purity_k10,up,GONNECT-SL-both,GONNECT-SL-both,0.7855384615384616,False
KICH,65,knn_purity_k10,up,GONNECT-R-enc,GONNECT-DPR-enc,0.7033846153846153,False
KICH,65,knn_purity_k10,up,GONNECT-R-dec,GONNECT-DPR-dec,0.7523076923076923,False
KICH,65,knn_purity_k10,up,GONNECT-R-both,GONNECT-DPR-both,0.6966153846153846,False
UCS,53,knn_purity_k10,up,MLP,MLP,0.4532075471698113,False
UCS,53,knn_purity_k10,up,GONNECT-enc,GONNECT-enc,0.2698113207547169,False
UCS,53,knn_purity_k10,up,GONNECT-dec,GONNECT-dec,0.3879245283018868,False
UCS,53,knn_purity_k10,up,GONNECT-both,GONNECT-both,0.2279245283018867,False
UCS,53,knn_purity_k10,up,GONNECT-SL-enc,GONNECT-SL-enc,0.4366037735849056,False
UCS,53,knn_purity_k10,up,GONNECT-SL-dec,GONNECT-SL-dec,0.4849056603773585,False
UCS,53,knn_purity_k10,up,GONNECT-SL-both,GONNECT-SL-both,0.4841509433962264,False
UCS,53,knn_purity_k10,up,GONNECT-R-enc,GONNECT-DPR-enc,0.2430188679245283,False
UCS,53,knn_purity_k10,up,GONNECT-R-dec,GONNECT-DPR-dec,0.3739622641509434,False
UCS,53,knn_purity_k10,up,GONNECT-R-both,GONNECT-DPR-both,0.2090566037735849,False
DLBC,45,knn_purity_k10,up,MLP,MLP,0.9413333333333334,False
DLBC,45,knn_purity_k10,up,GONNECT-enc,GONNECT-enc,0.9266666666666667,False
DLBC,45,knn_purity_k10,up,GONNECT-dec,GONNECT-dec,0.8853333333333333,False
DLBC,45,knn_purity_k10,up,GONNECT-both,GONNECT-both,0.8764444444444445,False
DLBC,45,knn_purity_k10,up,GONNECT-SL-enc,GONNECT-SL-enc,0.9586666666666666,False
DLBC,45,knn_purity_k10,up,GONNECT-SL-dec,GONNECT-SL-dec,0.9475555555555556,False
DLBC,45,knn_purity_k10,up,GONNECT-SL-both,GONNECT-SL-both,0.971111111111111,False
DLBC,45,knn_purity_k10,up,GONNECT-R-enc,GONNECT-DPR-enc,0.9186666666666669,False
DLBC,45,knn_purity_k10,up,GONNECT-R-dec,GONNECT-DPR-dec,0.8711111111111111,False
DLBC,45,knn_purity_k10,up,GONNECT-R-both,GONNECT-DPR-both,0.8977777777777778,False
CHOL,35,knn_purity_k10,up,MLP,MLP,0.5485714285714286,False
CHOL,35,knn_purity_k10,up,GONNECT-enc,GONNECT-enc,0.3314285714285714,False
CHOL,35,knn_purity_k10,up,GONNECT-dec,GONNECT-dec,0.4668571428571428,False
CHOL,35,knn_purity_k10,up,GONNECT-both,GONNECT-both,0.388,False
CHOL,35,knn_purity_k10,up,GONNECT-SL-enc,GONNECT-SL-enc,0.5337142857142856,False
CHOL,35,knn_purity_k10,up,GONNECT-SL-dec,GONNECT-SL-dec,0.5491428571428572,False
CHOL,35,knn_purity_k10,up,GONNECT-SL-both,GONNECT-SL-both,0.5331428571428571,False
CHOL,35,knn_purity_k10,up,GONNECT-R-enc,GONNECT-DPR-enc,0.3359999999999999,False
CHOL,35,knn_purity_k10,up,GONNECT-R-dec,GONNECT-DPR-dec,0.4354285714285714,False
CHOL,35,knn_purity_k10,up,GONNECT-R-both,GONNECT-DPR-both,0.3428571428571428,False
BRCA,1060,knn_purity_k20,up,MLP,MLP,0.9805943396226414,False
BRCA,1060,knn_purity_k20,up,GONNECT-enc,GONNECT-enc,0.8355283018867924,False
BRCA,1060,knn_purity_k20,up,GONNECT-dec,GONNECT-dec,0.956933962264151,False
BRCA,1060,knn_purity_k20,up,GONNECT-both,GONNECT-both,0.8085188679245283,False
BRCA,1060,knn_purity_k20,up,GONNECT-SL-enc,GONNECT-SL-enc,0.9739056603773586,False
BRCA,1060,knn_purity_k20,up,GONNECT-SL-dec,GONNECT-SL-dec,0.984132075471698,False
BRCA,1060,knn_purity_k20,up,GONNECT-SL-both,GONNECT-SL-both,0.980877358490566,False
BRCA,1060,knn_purity_k20,up,GONNECT-R-enc,GONNECT-DPR-enc,0.9113018867924528,False
BRCA,1060,knn_purity_k20,up,GONNECT-R-dec,GONNECT-DPR-dec,0.9595,False
BRCA,1060,knn_purity_k20,up,GONNECT-R-both,GONNECT-DPR-both,0.8952075471698114,False
LUAD,516,knn_purity_k20,up,MLP,MLP,0.9065503875968992,False
LUAD,516,knn_purity_k20,up,GONNECT-enc,GONNECT-enc,0.7450581395348836,False
LUAD,516,knn_purity_k20,up,GONNECT-dec,GONNECT-dec,0.8789728682170544,False
LUAD,516,knn_purity_k20,up,GONNECT-both,GONNECT-both,0.6810077519379844,False
LUAD,516,knn_purity_k20,up,GONNECT-SL-enc,GONNECT-SL-enc,0.8947674418604651,False
LUAD,516,knn_purity_k20,up,GONNECT-SL-dec,GONNECT-SL-dec,0.9152131782945736,False
LUAD,516,knn_purity_k20,up,GONNECT-SL-both,GONNECT-SL-both,0.8999806201550389,False
LUAD,516,knn_purity_k20,up,GONNECT-R-enc,GONNECT-DPR-enc,0.6986046511627907,False
LUAD,516,knn_purity_k20,up,GONNECT-R-dec,GONNECT-DPR-dec,0.8558527131782945,False
LUAD,516,knn_purity_k20,up,GONNECT-R-both,GONNECT-DPR-both,0.6784883720930233,False
UCEC,513,knn_purity_k20,up,MLP,MLP,0.8682261208576998,False
UCEC,513,knn_purity_k20,up,GONNECT-enc,GONNECT-enc,0.569103313840156,False
UCEC,513,knn_purity_k20,up,GONNECT-dec,GONNECT-dec,0.7533723196881091,False
UCEC,513,knn_purity_k20,up,GONNECT-both,GONNECT-both,0.6059844054580896,False
UCEC,513,knn_purity_k20,up,GONNECT-SL-enc,GONNECT-SL-enc,0.8298830409356726,False
UCEC,513,knn_purity_k20,up,GONNECT-SL-dec,GONNECT-SL-dec,0.8795321637426902,False
UCEC,513,knn_purity_k20,up,GONNECT-SL-both,GONNECT-SL-both,0.8620077972709552,False
UCEC,513,knn_purity_k20,up,GONNECT-R-enc,GONNECT-DPR-enc,0.6867836257309942,False
UCEC,513,knn_purity_k20,up,GONNECT-R-dec,GONNECT-DPR-dec,0.7719688109161793,False
UCEC,513,knn_purity_k20,up,GONNECT-R-both,GONNECT-DPR-both,0.6537037037037037,False
LGG,511,knn_purity_k20,up,MLP,MLP,0.9959295499021524,False
LGG,511,knn_purity_k20,up,GONNECT-enc,GONNECT-enc,0.9919960861056752,False
LGG,511,knn_purity_k20,up,GONNECT-dec,GONNECT-dec,0.994618395303327,False
LGG,511,knn_purity_k20,up,GONNECT-both,GONNECT-both,0.9920743639921724,False
LGG,511,knn_purity_k20,up,GONNECT-SL-enc,GONNECT-SL-enc,0.9945401174168298,False
LGG,511,knn_purity_k20,up,GONNECT-SL-dec,GONNECT-SL-dec,0.996320939334638,False
LGG,511,knn_purity_k20,up,GONNECT-SL-both,GONNECT-SL-both,0.995577299412916,False
LGG,511,knn_purity_k20,up,GONNECT-R-enc,GONNECT-DPR-enc,0.9924657534246576,False
LGG,511,knn_purity_k20,up,GONNECT-R-dec,GONNECT-DPR-dec,0.9942857142857144,False
LGG,511,knn_purity_k20,up,GONNECT-R-both,GONNECT-DPR-both,0.9935812133072408,False
KIRC,508,knn_purity_k20,up,MLP,MLP,0.9202362204724408,False
KIRC,508,knn_purity_k20,up,GONNECT-enc,GONNECT-enc,0.8840157480314959,False
KIRC,508,knn_purity_k20,up,GONNECT-dec,GONNECT-dec,0.9046850393700788,False
KIRC,508,knn_purity_k20,up,GONNECT-both,GONNECT-both,0.8879527559055118,False
KIRC,508,knn_purity_k20,up,GONNECT-SL-enc,GONNECT-SL-enc,0.9156102362204724,False
KIRC,508,knn_purity_k20,up,GONNECT-SL-dec,GONNECT-SL-dec,0.9211811023622049,False
KIRC,508,knn_purity_k20,up,GONNECT-SL-both,GONNECT-SL-both,0.9185629921259844,False
KIRC,508,knn_purity_k20,up,GONNECT-R-enc,GONNECT-DPR-enc,0.8695866141732284,False
KIRC,508,knn_purity_k20,up,GONNECT-R-dec,GONNECT-DPR-dec,0.905255905511811,False
KIRC,508,knn_purity_k20,up,GONNECT-R-both,GONNECT-DPR-both,0.8741141732283465,False
HNSC,498,knn_purity_k20,up,MLP,MLP,0.7541566265060241,False
HNSC,498,knn_purity_k20,up,GONNECT-enc,GONNECT-enc,0.6572289156626507,False
HNSC,498,knn_purity_k20,up,GONNECT-dec,GONNECT-dec,0.6825100401606425,False
HNSC,498,knn_purity_k20,up,GONNECT-both,GONNECT-both,0.6684136546184739,False
HNSC,498,knn_purity_k20,up,GONNECT-SL-enc,GONNECT-SL-enc,0.7099196787148594,False
HNSC,498,knn_purity_k20,up,GONNECT-SL-dec,GONNECT-SL-dec,0.7561445783132531,False
HNSC,498,knn_purity_k20,up,GONNECT-SL-both,GONNECT-SL-both,0.7413654618473895,False
HNSC,498,knn_purity_k20,up,GONNECT-R-enc,GONNECT-DPR-enc,0.5994578313253013,False
HNSC,498,knn_purity_k20,up,GONNECT-R-dec,GONNECT-DPR-dec,0.6622891566265059,False
HNSC,498,knn_purity_k20,up,GONNECT-R-both,GONNECT-DPR-both,0.5903012048192771,False
THCA,497,knn_purity_k20,up,MLP,MLP,0.99420523138833,False
THCA,497,knn_purity_k20,up,GONNECT-enc,GONNECT-enc,0.9744064386317908,False
THCA,497,knn_purity_k20,up,GONNECT-dec,GONNECT-dec,0.99102615694165,False
THCA,497,knn_purity_k20,up,GONNECT-both,GONNECT-both,0.9613883299798792,False
THCA,497,knn_purity_k20,up,GONNECT-SL-enc,GONNECT-SL-enc,0.9940241448692154,False
THCA,497,knn_purity_k20,up,GONNECT-SL-dec,GONNECT-SL-dec,0.9972837022132796,False
THCA,497,knn_purity_k20,up,GONNECT-SL-both,GONNECT-SL-both,0.9970422535211266,False
THCA,497,knn_purity_k20,up,GONNECT-R-enc,GONNECT-DPR-enc,0.9691146881287728,False
THCA,497,knn_purity_k20,up,GONNECT-R-dec,GONNECT-DPR-dec,0.9929778672032192,False
THCA,497,knn_purity_k20,up,GONNECT-R-both,GONNECT-DPR-both,0.9738229376257544,False
PRAD,477,knn_purity_k20,up,MLP,MLP,0.9970859538784068,False
PRAD,477,knn_purity_k20,up,GONNECT-enc,GONNECT-enc,0.9838574423480082,False
PRAD,477,knn_purity_k20,up,GONNECT-dec,GONNECT-dec,0.9927253668763104,False
PRAD,477,knn_purity_k20,up,GONNECT-both,GONNECT-both,0.9909014675052412,False
PRAD,477,knn_purity_k20,up,GONNECT-SL-enc,GONNECT-SL-enc,0.9952201257861636,False
PRAD,477,knn_purity_k20,up,GONNECT-SL-dec,GONNECT-SL-dec,0.9981341719077568,False
PRAD,477,knn_purity_k20,up,GONNECT-SL-both,GONNECT-SL-both,0.9988888888888888,False
PRAD,477,knn_purity_k20,up,GONNECT-R-enc,GONNECT-DPR-enc,0.9823270440251572,False
PRAD,477,knn_purity_k20,up,GONNECT-R-dec,GONNECT-DPR-dec,0.9942557651991614,False
PRAD,477,knn_purity_k20,up,GONNECT-R-both,GONNECT-DPR-both,0.9656603773584904,False
LUSC,460,knn_purity_k20,up,MLP,MLP,0.7601304347826087,False
LUSC,460,knn_purity_k20,up,GONNECT-enc,GONNECT-enc,0.5676304347826087,False
LUSC,460,knn_purity_k20,up,GONNECT-dec,GONNECT-dec,0.6763260869565217,False
LUSC,460,knn_purity_k20,up,GONNECT-both,GONNECT-both,0.51,False
LUSC,460,knn_purity_k20,up,GONNECT-SL-enc,GONNECT-SL-enc,0.7348478260869565,False
LUSC,460,knn_purity_k20,up,GONNECT-SL-dec,GONNECT-SL-dec,0.7748913043478262,False
LUSC,460,knn_purity_k20,up,GONNECT-SL-both,GONNECT-SL-both,0.7517391304347826,False
LUSC,460,knn_purity_k20,up,GONNECT-R-enc,GONNECT-DPR-enc,0.5631304347826087,False
LUSC,460,knn_purity_k20,up,GONNECT-R-dec,GONNECT-DPR-dec,0.6609347826086956,False
LUSC,460,knn_purity_k20,up,GONNECT-R-both,GONNECT-DPR-both,0.5367173913043478,False
SKCM,440,knn_purity_k20,up,MLP,MLP,0.9306363636363636,False
SKCM,440,knn_purity_k20,up,GONNECT-enc,GONNECT-enc,0.8338636363636363,False
SKCM,440,knn_purity_k20,up,GONNECT-dec,GONNECT-dec,0.9228409090909092,False
SKCM,440,knn_purity_k20,up,GONNECT-both,GONNECT-both,0.8237954545454546,False
SKCM,440,knn_purity_k20,up,GONNECT-SL-enc,GONNECT-SL-enc,0.9262272727272728,False
SKCM,440,knn_purity_k20,up,GONNECT-SL-dec,GONNECT-SL-dec,0.9478863636363636,False
SKCM,440,knn_purity_k20,up,GONNECT-SL-both,GONNECT-SL-both,0.9360909090909092,False
SKCM,440,knn_purity_k20,up,GONNECT-R-enc,GONNECT-DPR-enc,0.8676136363636363,False
SKCM,440,knn_purity_k20,up,GONNECT-R-dec,GONNECT-DPR-dec,0.9167045454545456,False
SKCM,440,knn_purity_k20,up,GONNECT-R-both,GONNECT-DPR-both,0.8813863636363637,False
COAD,433,knn_purity_k20,up,MLP,MLP,0.6836951501154733,False
COAD,433,knn_purity_k20,up,GONNECT-enc,GONNECT-enc,0.623325635103926,False
COAD,433,knn_purity_k20,up,GONNECT-dec,GONNECT-dec,0.645473441108545,False
COAD,433,knn_purity_k20,up,GONNECT-both,GONNECT-both,0.6311778290993072,False
COAD,433,knn_purity_k20,up,GONNECT-SL-enc,GONNECT-SL-enc,0.6717551963048498,False
COAD,433,knn_purity_k20,up,GONNECT-SL-dec,GONNECT-SL-dec,0.7090762124711316,False
COAD,433,knn_purity_k20,up,GONNECT-SL-both,GONNECT-SL-both,0.6925635103926097,False
COAD,433,knn_purity_k20,up,GONNECT-R-enc,GONNECT-DPR-enc,0.6435334872979215,False
COAD,433,knn_purity_k20,up,GONNECT-R-dec,GONNECT-DPR-dec,0.6486836027713625,False
COAD,433,knn_purity_k20,up,GONNECT-R-both,GONNECT-DPR-both,0.6197921478060046,False
OV,403,knn_purity_k20,up,MLP,MLP,0.9300496277915632,False
OV,403,knn_purity_k20,up,GONNECT-enc,GONNECT-enc,0.7415136476426799,False
OV,403,knn_purity_k20,up,GONNECT-dec,GONNECT-dec,0.8584863523573201,False
OV,403,knn_purity_k20,up,GONNECT-both,GONNECT-both,0.7036724565756824,False
OV,403,knn_purity_k20,up,GONNECT-SL-enc,GONNECT-SL-enc,0.9211166253101736,False
OV,403,knn_purity_k20,up,GONNECT-SL-dec,GONNECT-SL-dec,0.9385359801488834,False
OV,403,knn_purity_k20,up,GONNECT-SL-both,GONNECT-SL-both,0.9316377171215882,False
OV,403,knn_purity_k20,up,GONNECT-R-enc,GONNECT-DPR-enc,0.7882382133995036,False
OV,403,knn_purity_k20,up,GONNECT-R-dec,GONNECT-DPR-dec,0.8833250620347395,False
OV,403,knn_purity_k20,up,GONNECT-R-both,GONNECT-DPR-both,0.7553101736972705,False
STAD,397,knn_purity_k20,up,MLP,MLP,0.7255919395465995,False
STAD,397,knn_purity_k20,up,GONNECT-enc,GONNECT-enc,0.4275062972292192,False
STAD,397,knn_purity_k20,up,GONNECT-dec,GONNECT-dec,0.5571536523929471,False
STAD,397,knn_purity_k20,up,GONNECT-both,GONNECT-both,0.4242317380352645,False
STAD,397,knn_purity_k20,up,GONNECT-SL-enc,GONNECT-SL-enc,0.6698488664987405,False
STAD,397,knn_purity_k20,up,GONNECT-SL-dec,GONNECT-SL-dec,0.7551889168765743,False
STAD,397,knn_purity_k20,up,GONNECT-SL-both,GONNECT-SL-both,0.7228463476070528,False
STAD,397,knn_purity_k20,up,GONNECT-R-enc,GONNECT-DPR-enc,0.4373803526448362,False
STAD,397,knn_purity_k20,up,GONNECT-R-dec,GONNECT-DPR-dec,0.5736272040302268,False
STAD,397,knn_purity_k20,up,GONNECT-R-both,GONNECT-DPR-both,0.419823677581864,False
BLCA,387,knn_purity_k20,up,MLP,MLP,0.7800258397932816,False
BLCA,387,knn_purity_k20,up,GONNECT-enc,GONNECT-enc,0.52984496124031,False
BLCA,387,knn_purity_k20,up,GONNECT-dec,GONNECT-dec,0.6609302325581395,False
BLCA,387,knn_purity_k20,up,GONNECT-both,GONNECT-both,0.5549354005167959,False
BLCA,387,knn_purity_k20,up,GONNECT-SL-enc,GONNECT-SL-enc,0.7169250645994832,False
BLCA,387,knn_purity_k20,up,GONNECT-SL-dec,GONNECT-SL-dec,0.7760465116279069,False
BLCA,387,knn_purity_k20,up,GONNECT-SL-both,GONNECT-SL-both,0.749560723514212,False
BLCA,387,knn_purity_k20,up,GONNECT-R-enc,GONNECT-DPR-enc,0.5199224806201551,False
BLCA,387,knn_purity_k20,up,GONNECT-R-dec,GONNECT-DPR-dec,0.6461757105943152,False
BLCA,387,knn_purity_k20,up,GONNECT-R-both,GONNECT-DPR-both,0.523204134366925,False
LIHC,362,knn_purity_k20,up,MLP,MLP,0.9520165745856356,False
LIHC,362,knn_purity_k20,up,GONNECT-enc,GONNECT-enc,0.9548342541436464,False
LIHC,362,knn_purity_k20,up,GONNECT-dec,GONNECT-dec,0.946657458563536,False
LIHC,362,knn_purity_k20,up,GONNECT-both,GONNECT-both,0.951767955801105,False
LIHC,362,knn_purity_k20,up,GONNECT-SL-enc,GONNECT-SL-enc,0.9553867403314916,False
LIHC,362,knn_purity_k20,up,GONNECT-SL-dec,GONNECT-SL-dec,0.955220994475138,False
LIHC,362,knn_purity_k20,up,GONNECT-SL-both,GONNECT-SL-both,0.959060773480663,False
LIHC,362,knn_purity_k20,up,GONNECT-R-enc,GONNECT-DPR-enc,0.9438397790055248,False
LIHC,362,knn_purity_k20,up,GONNECT-R-dec,GONNECT-DPR-dec,0.948950276243094,False
LIHC,362,knn_purity_k20,up,GONNECT-R-both,GONNECT-DPR-both,0.9462707182320444,False
CESC,293,knn_purity_k20,up,MLP,MLP,0.6347440273037543,False
CESC,293,knn_purity_k20,up,GONNECT-enc,GONNECT-enc,0.4073378839590443,False
CESC,293,knn_purity_k20,up,GONNECT-dec,GONNECT-dec,0.4690443686006825,False
CESC,293,knn_purity_k20,up,GONNECT-both,GONNECT-both,0.3827303754266211,False
CESC,293,knn_purity_k20,up,GONNECT-SL-enc,GONNECT-SL-enc,0.5716382252559727,False
CESC,293,knn_purity_k20,up,GONNECT-SL-dec,GONNECT-SL-dec,0.6500682593856656,False
CESC,293,knn_purity_k20,up,GONNECT-SL-both,GONNECT-SL-both,0.6247440273037543,False
CESC,293,knn_purity_k20,up,GONNECT-R-enc,GONNECT-DPR-enc,0.3856313993174061,False
CESC,293,knn_purity_k20,up,GONNECT-R-dec,GONNECT-DPR-dec,0.4558361774744027,False
CESC,293,knn_purity_k20,up,GONNECT-R-both,GONNECT-DPR-both,0.3245392491467577,False
KIRP,282,knn_purity_k20,up,MLP,MLP,0.8846099290780141,False
KIRP,282,knn_purity_k20,up,GONNECT-enc,GONNECT-enc,0.8121276595744682,False
KIRP,282,knn_purity_k20,up,GONNECT-dec,GONNECT-dec,0.8526950354609928,False
KIRP,282,knn_purity_k20,up,GONNECT-both,GONNECT-both,0.79354609929078,False
KIRP,282,knn_purity_k20,up,GONNECT-SL-enc,GONNECT-SL-enc,0.8837588652482271,False
KIRP,282,knn_purity_k20,up,GONNECT-SL-dec,GONNECT-SL-dec,0.8906028368794325,False
KIRP,282,knn_purity_k20,up,GONNECT-SL-both,GONNECT-SL-both,0.8979432624113475,False
KIRP,282,knn_purity_k20,up,GONNECT-R-enc,GONNECT-DPR-enc,0.8080851063829788,False
KIRP,282,knn_purity_k20,up,GONNECT-R-dec,GONNECT-DPR-dec,0.855177304964539,False
KIRP,282,knn_purity_k20,up,GONNECT-R-both,GONNECT-DPR-both,0.7818439716312058,False
SARC,250,knn_purity_k20,up,MLP,MLP,0.86448,False
SARC,250,knn_purity_k20,up,GONNECT-enc,GONNECT-enc,0.6228,False
SARC,250,knn_purity_k20,up,GONNECT-dec,GONNECT-dec,0.8240000000000001,False
SARC,250,knn_purity_k20,up,GONNECT-both,GONNECT-both,0.57492,False
SARC,250,knn_purity_k20,up,GONNECT-SL-enc,GONNECT-SL-enc,0.8358799999999998,False
SARC,250,knn_purity_k20,up,GONNECT-SL-dec,GONNECT-SL-dec,0.86792,False
SARC,250,knn_purity_k20,up,GONNECT-SL-both,GONNECT-SL-both,0.8497999999999999,False
SARC,250,knn_purity_k20,up,GONNECT-R-enc,GONNECT-DPR-enc,0.65732,False
SARC,250,knn_purity_k20,up,GONNECT-R-dec,GONNECT-DPR-dec,0.8417999999999999,False
SARC,250,knn_purity_k20,up,GONNECT-R-both,GONNECT-DPR-both,0.672,False
ESCA,180,knn_purity_k20,up,MLP,MLP,0.3064444444444444,False
ESCA,180,knn_purity_k20,up,GONNECT-enc,GONNECT-enc,0.1822777777777778,False
ESCA,180,knn_purity_k20,up,GONNECT-dec,GONNECT-dec,0.2107777777777777,False
ESCA,180,knn_purity_k20,up,GONNECT-both,GONNECT-both,0.1885555555555555,False
ESCA,180,knn_purity_k20,up,GONNECT-SL-enc,GONNECT-SL-enc,0.2876111111111111,False
ESCA,180,knn_purity_k20,up,GONNECT-SL-dec,GONNECT-SL-dec,0.3248333333333333,False
ESCA,180,knn_purity_k20,up,GONNECT-SL-both,GONNECT-SL-both,0.3400555555555555,False
ESCA,180,knn_purity_k20,up,GONNECT-R-enc,GONNECT-DPR-enc,0.1613888888888889,False
ESCA,180,knn_purity_k20,up,GONNECT-R-dec,GONNECT-DPR-dec,0.2024444444444444,False
ESCA,180,knn_purity_k20,up,GONNECT-R-both,GONNECT-DPR-both,0.1376111111111111,False
PCPG,177,knn_purity_k20,up,MLP,MLP,0.9802259887005652,False
PCPG,177,knn_purity_k20,up,GONNECT-enc,GONNECT-enc,0.979322033898305,False
PCPG,177,knn_purity_k20,up,GONNECT-dec,GONNECT-dec,0.9922598870056496,False
PCPG,177,knn_purity_k20,up,GONNECT-both,GONNECT-both,0.9823728813559324,False
PCPG,177,knn_purity_k20,up,GONNECT-SL-enc,GONNECT-SL-enc,0.9890395480225987,False
PCPG,177,knn_purity_k20,up,GONNECT-SL-dec,GONNECT-SL-dec,0.9885310734463276,False
PCPG,177,knn_purity_k20,up,GONNECT-SL-both,GONNECT-SL-both,0.990225988700565,False
PCPG,177,knn_purity_k20,up,GONNECT-R-enc,GONNECT-DPR-enc,0.9702259887005648,False
PCPG,177,knn_purity_k20,up,GONNECT-R-dec,GONNECT-DPR-dec,0.9874011299435028,False
PCPG,177,knn_purity_k20,up,GONNECT-R-both,GONNECT-DPR-both,0.9810734463276838,False
PAAD,173,knn_purity_k20,up,MLP,MLP,0.8292485549132949,False
PAAD,173,knn_purity_k20,up,GONNECT-enc,GONNECT-enc,0.7142196531791908,False
PAAD,173,knn_purity_k20,up,GONNECT-dec,GONNECT-dec,0.7572832369942197,False
PAAD,173,knn_purity_k20,up,GONNECT-both,GONNECT-both,0.6601156069364161,False
PAAD,173,knn_purity_k20,up,GONNECT-SL-enc,GONNECT-SL-enc,0.8286705202312138,False
PAAD,173,knn_purity_k20,up,GONNECT-SL-dec,GONNECT-SL-dec,0.8619653179190753,False
PAAD,173,knn_purity_k20,up,GONNECT-SL-both,GONNECT-SL-both,0.8365317919075144,False
PAAD,173,knn_purity_k20,up,GONNECT-R-enc,GONNECT-DPR-enc,0.7182658959537573,False
PAAD,173,knn_purity_k20,up,GONNECT-R-dec,GONNECT-DPR-dec,0.7426589595375722,False
PAAD,173,knn_purity_k20,up,GONNECT-R-both,GONNECT-DPR-both,0.7186127167630058,False
READ,148,knn_purity_k20,up,MLP,MLP,0.3006081081081081,False
READ,148,knn_purity_k20,up,GONNECT-enc,GONNECT-enc,0.2547972972972973,False
READ,148,knn_purity_k20,up,GONNECT-dec,GONNECT-dec,0.2747297297297297,False
READ,148,knn_purity_k20,up,GONNECT-both,GONNECT-both,0.2491216216216216,False
READ,148,knn_purity_k20,up,GONNECT-SL-enc,GONNECT-SL-enc,0.2980405405405405,False
READ,148,knn_purity_k20,up,GONNECT-SL-dec,GONNECT-SL-dec,0.3099324324324324,False
READ,148,knn_purity_k20,up,GONNECT-SL-both,GONNECT-SL-both,0.3110135135135135,False
READ,148,knn_purity_k20,up,GONNECT-R-enc,GONNECT-DPR-enc,0.2606756756756757,False
READ,148,knn_purity_k20,up,GONNECT-R-dec,GONNECT-DPR-dec,0.2914864864864865,False
READ,148,knn_purity_k20,up,GONNECT-R-both,GONNECT-DPR-both,0.2433783783783784,False
TGCT,138,knn_purity_k20,up,MLP,MLP,0.9030434782608696,False
TGCT,138,knn_purity_k20,up,GONNECT-enc,GONNECT-enc,0.914927536231884,False
TGCT,138,knn_purity_k20,up,GONNECT-dec,GONNECT-dec,0.8376811594202899,False
TGCT,138,knn_purity_k20,up,GONNECT-both,GONNECT-both,0.8118115942028986,False
TGCT,138,knn_purity_k20,up,GONNECT-SL-enc,GONNECT-SL-enc,0.9226086956521738,False
TGCT,138,knn_purity_k20,up,GONNECT-SL-dec,GONNECT-SL-dec,0.9258695652173912,False
TGCT,138,knn_purity_k20,up,GONNECT-SL-both,GONNECT-SL-both,0.9318115942028984,False
TGCT,138,knn_purity_k20,up,GONNECT-R-enc,GONNECT-DPR-enc,0.8257971014492753,False
TGCT,138,knn_purity_k20,up,GONNECT-R-dec,GONNECT-DPR-dec,0.8252898550724638,False
TGCT,138,knn_purity_k20,up,GONNECT-R-both,GONNECT-DPR-both,0.8210869565217391,False
LAML,137,knn_purity_k20,up,MLP,MLP,0.9945255474452556,False
LAML,137,knn_purity_k20,up,GONNECT-enc,GONNECT-enc,0.9927737226277372,False
LAML,137,knn_purity_k20,up,GONNECT-dec,GONNECT-dec,0.9878102189781022,False
LAML,137,knn_purity_k20,up,GONNECT-both,GONNECT-both,0.9751824817518248,False
LAML,137,knn_purity_k20,up,GONNECT-SL-enc,GONNECT-SL-enc,0.9990510948905108,False
LAML,137,knn_purity_k20,up,GONNECT-SL-dec,GONNECT-SL-dec,0.9992700729927008,False
LAML,137,knn_purity_k20,up,GONNECT-SL-both,GONNECT-SL-both,1.0,False
LAML,137,knn_purity_k20,up,GONNECT-R-enc,GONNECT-DPR-enc,0.977080291970803,False
LAML,137,knn_purity_k20,up,GONNECT-R-dec,GONNECT-DPR-dec,0.9937956204379562,False
LAML,137,knn_purity_k20,up,GONNECT-R-both,GONNECT-DPR-both,0.979051094890511,False
THYM,119,knn_purity_k20,up,MLP,MLP,0.8978991596638656,False
THYM,119,knn_purity_k20,up,GONNECT-enc,GONNECT-enc,0.8414285714285714,False
THYM,119,knn_purity_k20,up,GONNECT-dec,GONNECT-dec,0.8973109243697479,False
THYM,119,knn_purity_k20,up,GONNECT-both,GONNECT-both,0.8062184873949579,False
THYM,119,knn_purity_k20,up,GONNECT-SL-enc,GONNECT-SL-enc,0.9283193277310924,False
THYM,119,knn_purity_k20,up,GONNECT-SL-dec,GONNECT-SL-dec,0.9292436974789916,False
THYM,119,knn_purity_k20,up,GONNECT-SL-both,GONNECT-SL-both,0.9447058823529412,False
THYM,119,knn_purity_k20,up,GONNECT-R-enc,GONNECT-DPR-enc,0.8184033613445377,False
THYM,119,knn_purity_k20,up,GONNECT-R-dec,GONNECT-DPR-dec,0.8818487394957982,False
THYM,119,knn_purity_k20,up,GONNECT-R-both,GONNECT-DPR-both,0.8334453781512605,False
MESO,87,knn_purity_k20,up,MLP,MLP,0.885632183908046,False
MESO,87,knn_purity_k20,up,GONNECT-enc,GONNECT-enc,0.3840229885057472,False
MESO,87,knn_purity_k20,up,GONNECT-dec,GONNECT-dec,0.749425287356322,False
MESO,87,knn_purity_k20,up,GONNECT-both,GONNECT-both,0.4947126436781609,False
MESO,87,knn_purity_k20,up,GONNECT-SL-enc,GONNECT-SL-enc,0.8534482758620688,False
MESO,87,knn_purity_k20,up,GONNECT-SL-dec,GONNECT-SL-dec,0.9102298850574714,False
MESO,87,knn_purity_k20,up,GONNECT-SL-both,GONNECT-SL-both,0.8914942528735631,False
MESO,87,knn_purity_k20,up,GONNECT-R-enc,GONNECT-DPR-enc,0.5459770114942529,False
MESO,87,knn_purity_k20,up,GONNECT-R-dec,GONNECT-DPR-dec,0.8182758620689656,False
MESO,87,knn_purity_k20,up,GONNECT-R-both,GONNECT-DPR-both,0.5502298850574713,False
UVM,77,knn_purity_k20,up,MLP,MLP,0.9467532467532468,False
UVM,77,knn_purity_k20,up,GONNECT-enc,GONNECT-enc,0.8492207792207791,False
UVM,77,knn_purity_k20,up,GONNECT-dec,GONNECT-dec,0.904935064935065,False
UVM,77,knn_purity_k20,up,GONNECT-both,GONNECT-both,0.8587012987012986,False
UVM,77,knn_purity_k20,up,GONNECT-SL-enc,GONNECT-SL-enc,0.9444155844155844,False
UVM,77,knn_purity_k20,up,GONNECT-SL-dec,GONNECT-SL-dec,0.9725974025974026,False
UVM,77,knn_purity_k20,up,GONNECT-SL-both,GONNECT-SL-both,0.957922077922078,False
UVM,77,knn_purity_k20,up,GONNECT-R-enc,GONNECT-DPR-enc,0.8879220779220779,False
UVM,77,knn_purity_k20,up,GONNECT-R-dec,GONNECT-DPR-dec,0.9079220779220778,False
UVM,77,knn_purity_k20,up,GONNECT-R-both,GONNECT-DPR-both,0.8471428571428572,False
ACC,76,knn_purity_k20,up,MLP,MLP,0.930921052631579,False
ACC,76,knn_purity_k20,up,GONNECT-enc,GONNECT-enc,0.8198684210526317,False
ACC,76,knn_purity_k20,up,GONNECT-dec,GONNECT-dec,0.8922368421052631,False
ACC,76,knn_purity_k20,up,GONNECT-both,GONNECT-both,0.8210526315789475,False
ACC,76,knn_purity_k20,up,GONNECT-SL-enc,GONNECT-SL-enc,0.9496052631578948,False
ACC,76,knn_purity_k20,up,GONNECT-SL-dec,GONNECT-SL-dec,0.951315789473684,False
ACC,76,knn_purity_k20,up,GONNECT-SL-both,GONNECT-SL-both,0.9409210526315788,False
ACC,76,knn_purity_k20,up,GONNECT-R-enc,GONNECT-DPR-enc,0.8072368421052631,False
ACC,76,knn_purity_k20,up,GONNECT-R-dec,GONNECT-DPR-dec,0.916842105263158,False
ACC,76,knn_purity_k20,up,GONNECT-R-both,GONNECT-DPR-both,0.784342105263158,False
KICH,65,knn_purity_k20,up,MLP,MLP,0.7715384615384615,False
KICH,65,knn_purity_k20,up,GONNECT-enc,GONNECT-enc,0.7141538461538461,False
KICH,65,knn_purity_k20,up,GONNECT-dec,GONNECT-dec,0.7624615384615384,False
KICH,65,knn_purity_k20,up,GONNECT-both,GONNECT-both,0.6886153846153846,False
KICH,65,knn_purity_k20,up,GONNECT-SL-enc,GONNECT-SL-enc,0.7627692307692309,False
KICH,65,knn_purity_k20,up,GONNECT-SL-dec,GONNECT-SL-dec,0.792,False
KICH,65,knn_purity_k20,up,GONNECT-SL-both,GONNECT-SL-both,0.7778461538461539,False
KICH,65,knn_purity_k20,up,GONNECT-R-enc,GONNECT-DPR-enc,0.6652307692307693,False
KICH,65,knn_purity_k20,up,GONNECT-R-dec,GONNECT-DPR-dec,0.7438461538461538,False
KICH,65,knn_purity_k20,up,GONNECT-R-both,GONNECT-DPR-both,0.6595384615384615,False
UCS,53,knn_purity_k20,up,MLP,MLP,0.3409433962264151,False
UCS,53,knn_purity_k20,up,GONNECT-enc,GONNECT-enc,0.1967924528301886,False
UCS,53,knn_purity_k20,up,GONNECT-dec,GONNECT-dec,0.2986792452830188,False
UCS,53,knn_purity_k20,up,GONNECT-both,GONNECT-both,0.160754716981132,False
UCS,53,knn_purity_k20,up,GONNECT-SL-enc,GONNECT-SL-enc,0.3347169811320755,False
UCS,53,knn_purity_k20,up,GONNECT-SL-dec,GONNECT-SL-dec,0.389622641509434,False
UCS,53,knn_purity_k20,up,GONNECT-SL-both,GONNECT-SL-both,0.3813207547169811,False
UCS,53,knn_purity_k20,up,GONNECT-R-enc,GONNECT-DPR-enc,0.1741509433962264,False
UCS,53,knn_purity_k20,up,GONNECT-R-dec,GONNECT-DPR-dec,0.2894339622641509,False
UCS,53,knn_purity_k20,up,GONNECT-R-both,GONNECT-DPR-both,0.1632075471698113,False
DLBC,45,knn_purity_k20,up,MLP,MLP,0.9344444444444444,False
DLBC,45,knn_purity_k20,up,GONNECT-enc,GONNECT-enc,0.8453333333333333,False
DLBC,45,knn_purity_k20,up,GONNECT-dec,GONNECT-dec,0.8495555555555555,False
DLBC,45,knn_purity_k20,up,GONNECT-both,GONNECT-both,0.8071111111111111,False
DLBC,45,knn_purity_k20,up,GONNECT-SL-enc,GONNECT-SL-enc,0.9457777777777776,False
DLBC,45,knn_purity_k20,up,GONNECT-SL-dec,GONNECT-SL-dec,0.9397777777777778,False
DLBC,45,knn_purity_k20,up,GONNECT-SL-both,GONNECT-SL-both,0.962,False
DLBC,45,knn_purity_k20,up,GONNECT-R-enc,GONNECT-DPR-enc,0.8657777777777778,False
DLBC,45,knn_purity_k20,up,GONNECT-R-dec,GONNECT-DPR-dec,0.8202222222222222,False
DLBC,45,knn_purity_k20,up,GONNECT-R-both,GONNECT-DPR-both,0.8315555555555555,False
CHOL,35,knn_purity_k20,up,MLP,MLP,0.5057142857142857,False
CHOL,35,knn_purity_k20,up,GONNECT-enc,GONNECT-enc,0.2339999999999999,False
CHOL,35,knn_purity_k20,up,GONNECT-dec,GONNECT-dec,0.4377142857142857,False
CHOL,35,knn_purity_k20,up,GONNECT-both,GONNECT-both,0.3,False
CHOL,35,knn_purity_k20,up,GONNECT-SL-enc,GONNECT-SL-enc,0.4842857142857143,False
CHOL,35,knn_purity_k20,up,GONNECT-SL-dec,GONNECT-SL-dec,0.5297142857142857,False
CHOL,35,knn_purity_k20,up,GONNECT-SL-both,GONNECT-SL-both,0.498,False
CHOL,35,knn_purity_k20,up,GONNECT-R-enc,GONNECT-DPR-enc,0.2431428571428571,False
CHOL,35,knn_purity_k20,up,GONNECT-R-dec,GONNECT-DPR-dec,0.3882857142857143,False
CHOL,35,knn_purity_k20,up,GONNECT-R-both,GONNECT-DPR-both,0.2522857142857143,False
BRCA,1060,knn_purity_k30,up,MLP,MLP,0.978811320754717,False
BRCA,1060,knn_purity_k30,up,GONNECT-enc,GONNECT-enc,0.8139748427672956,False
BRCA,1060,knn_purity_k30,up,GONNECT-dec,GONNECT-dec,0.9506352201257862,False
BRCA,1060,knn_purity_k30,up,GONNECT-both,GONNECT-both,0.7895786163522013,False
BRCA,1060,knn_purity_k30,up,GONNECT-SL-enc,GONNECT-SL-enc,0.97137106918239,False
BRCA,1060,knn_purity_k30,up,GONNECT-SL-dec,GONNECT-SL-dec,0.982685534591195,False
BRCA,1060,knn_purity_k30,up,GONNECT-SL-both,GONNECT-SL-both,0.9788238993710692,False
BRCA,1060,knn_purity_k30,up,GONNECT-R-enc,GONNECT-DPR-enc,0.8982955974842767,False
BRCA,1060,knn_purity_k30,up,GONNECT-R-dec,GONNECT-DPR-dec,0.9542830188679244,False
BRCA,1060,knn_purity_k30,up,GONNECT-R-both,GONNECT-DPR-both,0.8821509433962265,False
LUAD,516,knn_purity_k30,up,MLP,MLP,0.903811369509044,False
LUAD,516,knn_purity_k30,up,GONNECT-enc,GONNECT-enc,0.7147286821705425,False
LUAD,516,knn_purity_k30,up,GONNECT-dec,GONNECT-dec,0.8691214470284236,False
LUAD,516,knn_purity_k30,up,GONNECT-both,GONNECT-both,0.6487338501291988,False
LUAD,516,knn_purity_k30,up,GONNECT-SL-enc,GONNECT-SL-enc,0.892390180878553,False
LUAD,516,knn_purity_k30,up,GONNECT-SL-dec,GONNECT-SL-dec,0.9133333333333332,False
LUAD,516,knn_purity_k30,up,GONNECT-SL-both,GONNECT-SL-both,0.8959948320413437,False
LUAD,516,knn_purity_k30,up,GONNECT-R-enc,GONNECT-DPR-enc,0.6637726098191215,False
LUAD,516,knn_purity_k30,up,GONNECT-R-dec,GONNECT-DPR-dec,0.84171834625323,False
LUAD,516,knn_purity_k30,up,GONNECT-R-both,GONNECT-DPR-both,0.651188630490956,False
UCEC,513,knn_purity_k30,up,MLP,MLP,0.8622352176738142,False
UCEC,513,knn_purity_k30,up,GONNECT-enc,GONNECT-enc,0.5430539311241065,False
UCEC,513,knn_purity_k30,up,GONNECT-dec,GONNECT-dec,0.7363872644574398,False
UCEC,513,knn_purity_k30,up,GONNECT-both,GONNECT-both,0.5763352826510721,False
UCEC,513,knn_purity_k30,up,GONNECT-SL-enc,GONNECT-SL-enc,0.8185185185185186,False
UCEC,513,knn_purity_k30,up,GONNECT-SL-dec,GONNECT-SL-dec,0.8719168291098116,False
UCEC,513,knn_purity_k30,up,GONNECT-SL-both,GONNECT-SL-both,0.8509031838856401,False
UCEC,513,knn_purity_k30,up,GONNECT-R-enc,GONNECT-DPR-enc,0.6647563352826511,False
UCEC,513,knn_purity_k30,up,GONNECT-R-dec,GONNECT-DPR-dec,0.7562183235867447,False
UCEC,513,knn_purity_k30,up,GONNECT-R-both,GONNECT-DPR-both,0.6303703703703704,False
LGG,511,knn_purity_k30,up,MLP,MLP,0.9959556425309848,False
LGG,511,knn_purity_k30,up,GONNECT-enc,GONNECT-enc,0.9917025440313112,False
LGG,511,knn_purity_k30,up,GONNECT-dec,GONNECT-dec,0.994559686888454,False
LGG,511,knn_purity_k30,up,GONNECT-both,GONNECT-both,0.9918851924331376,False
LGG,511,knn_purity_k30,up,GONNECT-SL-enc,GONNECT-SL-enc,0.9944944553163731,False
LGG,511,knn_purity_k30,up,GONNECT-SL-dec,GONNECT-SL-dec,0.9963078930202218,False
LGG,511,knn_purity_k30,up,GONNECT-SL-both,GONNECT-SL-both,0.9953555120678408,False
LGG,511,knn_purity_k30,up,GONNECT-R-enc,GONNECT-DPR-enc,0.9921330724070452,False
LGG,511,knn_purity_k30,up,GONNECT-R-dec,GONNECT-DPR-dec,0.994246575342466,False
LGG,511,knn_purity_k30,up,GONNECT-R-both,GONNECT-DPR-both,0.9935029354207436,False
KIRC,508,knn_purity_k30,up,MLP,MLP,0.9191338582677164,False
KIRC,508,knn_purity_k30,up,GONNECT-enc,GONNECT-enc,0.8736614173228346,False
KIRC,508,knn_purity_k30,up,GONNECT-dec,GONNECT-dec,0.9029002624671916,False
KIRC,508,knn_purity_k30,up,GONNECT-both,GONNECT-both,0.8805511811023623,False
KIRC,508,knn_purity_k30,up,GONNECT-SL-enc,GONNECT-SL-enc,0.9139763779527558,False
KIRC,508,knn_purity_k30,up,GONNECT-SL-dec,GONNECT-SL-dec,0.9198687664041996,False
KIRC,508,knn_purity_k30,up,GONNECT-SL-both,GONNECT-SL-both,0.9163648293963254,False
KIRC,508,knn_purity_k30,up,GONNECT-R-enc,GONNECT-DPR-enc,0.8605643044619423,False
KIRC,508,knn_purity_k30,up,GONNECT-R-dec,GONNECT-DPR-dec,0.9030577427821525,False
KIRC,508,knn_purity_k30,up,GONNECT-R-both,GONNECT-DPR-both,0.867244094488189,False
HNSC,498,knn_purity_k30,up,MLP,MLP,0.7409103078982597,False
HNSC,498,knn_purity_k30,up,GONNECT-enc,GONNECT-enc,0.6377108433734939,False
HNSC,498,knn_purity_k30,up,GONNECT-dec,GONNECT-dec,0.6701874163319947,False
HNSC,498,knn_purity_k30,up,GONNECT-both,GONNECT-both,0.6549129852744311,False
HNSC,498,knn_purity_k30,up,GONNECT-SL-enc,GONNECT-SL-enc,0.6929852744310575,False
HNSC,498,knn_purity_k30,up,GONNECT-SL-dec,GONNECT-SL-dec,0.7396251673360108,False
HNSC,498,knn_purity_k30,up,GONNECT-SL-both,GONNECT-SL-both,0.7250200803212851,False
HNSC,498,knn_purity_k30,up,GONNECT-R-enc,GONNECT-DPR-enc,0.5791298527443106,False
HNSC,498,knn_purity_k30,up,GONNECT-R-dec,GONNECT-DPR-dec,0.6459705488621151,False
HNSC,498,knn_purity_k30,up,GONNECT-R-both,GONNECT-DPR-both,0.5740562248995984,False
THCA,497,knn_purity_k30,up,MLP,MLP,0.9933333333333334,False
THCA,497,knn_purity_k30,up,GONNECT-enc,GONNECT-enc,0.968692152917505,False
THCA,497,knn_purity_k30,up,GONNECT-dec,GONNECT-dec,0.9898993963782696,False
THCA,497,knn_purity_k30,up,GONNECT-both,GONNECT-both,0.9545271629778672,False
THCA,497,knn_purity_k30,up,GONNECT-SL-enc,GONNECT-SL-enc,0.9935479543930248,False
THCA,497,knn_purity_k30,up,GONNECT-SL-dec,GONNECT-SL-dec,0.9971294433266265,False
THCA,497,knn_purity_k30,up,GONNECT-SL-both,GONNECT-SL-both,0.996901408450704,False
THCA,497,knn_purity_k30,up,GONNECT-R-enc,GONNECT-DPR-enc,0.9613145539906104,False
THCA,497,knn_purity_k30,up,GONNECT-R-dec,GONNECT-DPR-dec,0.9915224681421864,False
THCA,497,knn_purity_k30,up,GONNECT-R-both,GONNECT-DPR-both,0.9697920858484238,False
PRAD,477,knn_purity_k30,up,MLP,MLP,0.9967714884696016,False
PRAD,477,knn_purity_k30,up,GONNECT-enc,GONNECT-enc,0.9799021663172608,False
PRAD,477,knn_purity_k30,up,GONNECT-dec,GONNECT-dec,0.9914046121593292,False
PRAD,477,knn_purity_k30,up,GONNECT-both,GONNECT-both,0.9850174703004893,False
PRAD,477,knn_purity_k30,up,GONNECT-SL-enc,GONNECT-SL-enc,0.9949406009783368,False
PRAD,477,knn_purity_k30,up,GONNECT-SL-dec,GONNECT-SL-dec,0.9979315164220826,False
PRAD,477,knn_purity_k30,up,GONNECT-SL-both,GONNECT-SL-both,0.99895178197065,False
PRAD,477,knn_purity_k30,up,GONNECT-R-enc,GONNECT-DPR-enc,0.9784765897973444,False
PRAD,477,knn_purity_k30,up,GONNECT-R-dec,GONNECT-DPR-dec,0.993277428371768,False
PRAD,477,knn_purity_k30,up,GONNECT-R-both,GONNECT-DPR-both,0.9579454926624738,False
LUSC,460,knn_purity_k30,up,MLP,MLP,0.7483333333333333,False
LUSC,460,knn_purity_k30,up,GONNECT-enc,GONNECT-enc,0.5423333333333333,False
LUSC,460,knn_purity_k30,up,GONNECT-dec,GONNECT-dec,0.6543188405797101,False
LUSC,460,knn_purity_k30,up,GONNECT-both,GONNECT-both,0.4897681159420289,False
LUSC,460,knn_purity_k30,up,GONNECT-SL-enc,GONNECT-SL-enc,0.7235797101449275,False
LUSC,460,knn_purity_k30,up,GONNECT-SL-dec,GONNECT-SL-dec,0.765768115942029,False
LUSC,460,knn_purity_k30,up,GONNECT-SL-both,GONNECT-SL-both,0.7397536231884058,False
LUSC,460,knn_purity_k30,up,GONNECT-R-enc,GONNECT-DPR-enc,0.539391304347826,False
LUSC,460,knn_purity_k30,up,GONNECT-R-dec,GONNECT-DPR-dec,0.6425217391304348,False
LUSC,460,knn_purity_k30,up,GONNECT-R-both,GONNECT-DPR-both,0.5167101449275362,False
SKCM,440,knn_purity_k30,up,MLP,MLP,0.919530303030303,False
SKCM,440,knn_purity_k30,up,GONNECT-enc,GONNECT-enc,0.8081363636363635,False
SKCM,440,knn_purity_k30,up,GONNECT-dec,GONNECT-dec,0.9134393939393938,False
SKCM,440,knn_purity_k30,up,GONNECT-both,GONNECT-both,0.8002272727272727,False
SKCM,440,knn_purity_k30,up,GONNECT-SL-enc,GONNECT-SL-enc,0.9192727272727274,False
SKCM,440,knn_purity_k30,up,GONNECT-SL-dec,GONNECT-SL-dec,0.9439090909090908,False
SKCM,440,knn_purity_k30,up,GONNECT-SL-both,GONNECT-SL-both,0.931348484848485,False
SKCM,440,knn_purity_k30,up,GONNECT-R-enc,GONNECT-DPR-enc,0.853530303030303,False
SKCM,440,knn_purity_k30,up,GONNECT-R-dec,GONNECT-DPR-dec,0.905757575757576,False
SKCM,440,knn_purity_k30,up,GONNECT-R-both,GONNECT-DPR-both,0.8695151515151516,False
COAD,433,knn_purity_k30,up,MLP,MLP,0.6746420323325635,False
COAD,433,knn_purity_k30,up,GONNECT-enc,GONNECT-enc,0.603910700538876,False
COAD,433,knn_purity_k30,up,GONNECT-dec,GONNECT-dec,0.6318860662047728,False
COAD,433,knn_purity_k30,up,GONNECT-both,GONNECT-both,0.616905311778291,False
COAD,433,knn_purity_k30,up,GONNECT-SL-enc,GONNECT-SL-enc,0.6641724403387221,False
COAD,433,knn_purity_k30,up,GONNECT-SL-dec,GONNECT-SL-dec,0.7008160123171671,False
COAD,433,knn_purity_k30,up,GONNECT-SL-both,GONNECT-SL-both,0.6854811393379523,False
COAD,433,knn_purity_k30,up,GONNECT-R-enc,GONNECT-DPR-enc,0.6327636643571979,False
COAD,433,knn_purity_k30,up,GONNECT-R-dec,GONNECT-DPR-dec,0.6403387220939184,False
COAD,433,knn_purity_k30,up,GONNECT-R-both,GONNECT-DPR-both,0.6077752117013087,False
OV,403,knn_purity_k30,up,MLP,MLP,0.924813895781638,False
OV,403,knn_purity_k30,up,GONNECT-enc,GONNECT-enc,0.704516129032258,False
OV,403,knn_purity_k30,up,GONNECT-dec,GONNECT-dec,0.8432754342431762,False
OV,403,knn_purity_k30,up,GONNECT-both,GONNECT-both,0.672191894127378,False
OV,403,knn_purity_k30,up,GONNECT-SL-enc,GONNECT-SL-enc,0.913019023986766,False
OV,403,knn_purity_k30,up,GONNECT-SL-dec,GONNECT-SL-dec,0.9361124896608768,False
OV,403,knn_purity_k30,up,GONNECT-SL-both,GONNECT-SL-both,0.9263192721257236,False
OV,403,knn_purity_k30,up,GONNECT-R-enc,GONNECT-DPR-enc,0.7643010752688172,False
OV,403,knn_purity_k30,up,GONNECT-R-dec,GONNECT-DPR-dec,0.8713316790736145,False
OV,403,knn_purity_k30,up,GONNECT-R-both,GONNECT-DPR-both,0.7290157154673282,False
STAD,397,knn_purity_k30,up,MLP,MLP,0.707103274559194,False
STAD,397,knn_purity_k30,up,GONNECT-enc,GONNECT-enc,0.3909823677581864,False
STAD,397,knn_purity_k30,up,GONNECT-dec,GONNECT-dec,0.5318219983207388,False
STAD,397,knn_purity_k30,up,GONNECT-both,GONNECT-both,0.3958858102434928,False
STAD,397,knn_purity_k30,up,GONNECT-SL-enc,GONNECT-SL-enc,0.650495382031906,False
STAD,397,knn_purity_k30,up,GONNECT-SL-dec,GONNECT-SL-dec,0.7421998320738874,False
STAD,397,knn_purity_k30,up,GONNECT-SL-both,GONNECT-SL-both,0.7071200671704451,False
STAD,397,knn_purity_k30,up,GONNECT-R-enc,GONNECT-DPR-enc,0.4023677581863979,False
STAD,397,knn_purity_k30,up,GONNECT-R-dec,GONNECT-DPR-dec,0.5471536523929471,False
STAD,397,knn_purity_k30,up,GONNECT-R-both,GONNECT-DPR-both,0.3915365239294709,False
BLCA,387,knn_purity_k30,up,MLP,MLP,0.769250645994832,False
BLCA,387,knn_purity_k30,up,GONNECT-enc,GONNECT-enc,0.5031524547803619,False
BLCA,387,knn_purity_k30,up,GONNECT-dec,GONNECT-dec,0.6343496985357451,False
BLCA,387,knn_purity_k30,up,GONNECT-both,GONNECT-both,0.533161068044789,False
BLCA,387,knn_purity_k30,up,GONNECT-SL-enc,GONNECT-SL-enc,0.7027045650301464,False
BLCA,387,knn_purity_k30,up,GONNECT-SL-dec,GONNECT-SL-dec,0.7621016365202412,False
BLCA,387,knn_purity_k30,up,GONNECT-SL-both,GONNECT-SL-both,0.7353660637381568,False
BLCA,387,knn_purity_k30,up,GONNECT-R-enc,GONNECT-DPR-enc,0.4849095607235142,False
BLCA,387,knn_purity_k30,up,GONNECT-R-dec,GONNECT-DPR-dec,0.6233419465977604,False
BLCA,387,knn_purity_k30,up,GONNECT-R-both,GONNECT-DPR-both,0.4927820844099914,False
LIHC,362,knn_purity_k30,up,MLP,MLP,0.9516022099447514,False
LIHC,362,knn_purity_k30,up,GONNECT-enc,GONNECT-enc,0.9554696132596684,False
LIHC,362,knn_purity_k30,up,GONNECT-dec,GONNECT-dec,0.9470349907918968,False
LIHC,362,knn_purity_k30,up,GONNECT-both,GONNECT-both,0.9523020257826889,False
LIHC,362,knn_purity_k30,up,GONNECT-SL-enc,GONNECT-SL-enc,0.9545672191528546,False
LIHC,362,knn_purity_k30,up,GONNECT-SL-dec,GONNECT-SL-dec,0.9557274401473296,False
LIHC,362,knn_purity_k30,up,GONNECT-SL-both,GONNECT-SL-both,0.9592265193370164,False
LIHC,362,knn_purity_k30,up,GONNECT-R-enc,GONNECT-DPR-enc,0.940902394106814,False
LIHC,362,knn_purity_k30,up,GONNECT-R-dec,GONNECT-DPR-dec,0.9490791896869244,False
LIHC,362,knn_purity_k30,up,GONNECT-R-both,GONNECT-DPR-both,0.9450092081031308,False
CESC,293,knn_purity_k30,up,MLP,MLP,0.6039135381114903,False
CESC,293,knn_purity_k30,up,GONNECT-enc,GONNECT-enc,0.3812286689419795,False
CESC,293,knn_purity_k30,up,GONNECT-dec,GONNECT-dec,0.4411376564277589,False
CESC,293,knn_purity_k30,up,GONNECT-both,GONNECT-both,0.3629124004550625,False
CESC,293,knn_purity_k30,up,GONNECT-SL-enc,GONNECT-SL-enc,0.5415017064846417,False
CESC,293,knn_purity_k30,up,GONNECT-SL-dec,GONNECT-SL-dec,0.6167007963594994,False
CESC,293,knn_purity_k30,up,GONNECT-SL-both,GONNECT-SL-both,0.5919226393629125,False
CESC,293,knn_purity_k30,up,GONNECT-R-enc,GONNECT-DPR-enc,0.3602957906712173,False
CESC,293,knn_purity_k30,up,GONNECT-R-dec,GONNECT-DPR-dec,0.4253697383390216,False
CESC,293,knn_purity_k30,up,GONNECT-R-both,GONNECT-DPR-both,0.3060750853242321,False
KIRP,282,knn_purity_k30,up,MLP,MLP,0.879739952718676,False
KIRP,282,knn_purity_k30,up,GONNECT-enc,GONNECT-enc,0.7867848699763593,False
KIRP,282,knn_purity_k30,up,GONNECT-dec,GONNECT-dec,0.847210401891253,False
KIRP,282,knn_purity_k30,up,GONNECT-both,GONNECT-both,0.7737825059101656,False
KIRP,282,knn_purity_k30,up,GONNECT-SL-enc,GONNECT-SL-enc,0.8803309692671395,False
KIRP,282,knn_purity_k30,up,GONNECT-SL-dec,GONNECT-SL-dec,0.8871867612293144,False
KIRP,282,knn_purity_k30,up,GONNECT-SL-both,GONNECT-SL-both,0.8960283687943263,False
KIRP,282,knn_purity_k30,up,GONNECT-R-enc,GONNECT-DPR-enc,0.788888888888889,False
KIRP,282,knn_purity_k30,up,GONNECT-R-dec,GONNECT-DPR-dec,0.8462411347517731,False
KIRP,282,knn_purity_k30,up,GONNECT-R-both,GONNECT-DPR-both,0.7665957446808511,False
SARC,250,knn_purity_k30,up,MLP,MLP,0.8538133333333334,False
SARC,250,knn_purity_k30,up,GONNECT-enc,GONNECT-enc,0.5735466666666666,False
SARC,250,knn_purity_k30,up,GONNECT-dec,GONNECT-dec,0.81024,False
SARC,250,knn_purity_k30,up,GONNECT-both,GONNECT-both,0.5237066666666668,False
SARC,250,knn_purity_k30,up,GONNECT-SL-enc,GONNECT-SL-enc,0.8204266666666667,False
SARC,250,knn_purity_k30,up,GONNECT-SL-dec,GONNECT-SL-dec,0.8568,False
SARC,250,knn_purity_k30,up,GONNECT-SL-both,GONNECT-SL-both,0.8389866666666667,False
SARC,250,knn_purity_k30,up,GONNECT-R-enc,GONNECT-DPR-enc,0.6107466666666668,False
SARC,250,knn_purity_k30,up,GONNECT-R-dec,GONNECT-DPR-dec,0.8313866666666667,False
SARC,250,knn_purity_k30,up,GONNECT-R-both,GONNECT-DPR-both,0.63376,False
ESCA,180,knn_purity_k30,up,MLP,MLP,0.2767777777777778,False
ESCA,180,knn_purity_k30,up,GONNECT-enc,GONNECT-enc,0.1637777777777777,False
ESCA,180,knn_purity_k30,up,GONNECT-dec,GONNECT-dec,0.1884444444444444,False
ESCA,180,knn_purity_k30,up,GONNECT-both,GONNECT-both,0.1692592592592592,False
ESCA,180,knn_purity_k30,up,GONNECT-SL-enc,GONNECT-SL-enc,0.254037037037037,False
ESCA,180,knn_purity_k30,up,GONNECT-SL-dec,GONNECT-SL-dec,0.2948148148148148,False
ESCA,180,knn_purity_k30,up,GONNECT-SL-both,GONNECT-SL-both,0.3037777777777777,False
ESCA,180,knn_purity_k30,up,GONNECT-R-enc,GONNECT-DPR-enc,0.1455185185185185,False
ESCA,180,knn_purity_k30,up,GONNECT-R-dec,GONNECT-DPR-dec,0.1795925925925925,False
ESCA,180,knn_purity_k30,up,GONNECT-R-both,GONNECT-DPR-both,0.1282222222222222,False
PCPG,177,knn_purity_k30,up,MLP,MLP,0.9632768361581924,False
PCPG,177,knn_purity_k30,up,GONNECT-enc,GONNECT-enc,0.9751789077212806,False
PCPG,177,knn_purity_k30,up,GONNECT-dec,GONNECT-dec,0.991939736346516,False
PCPG,177,knn_purity_k30,up,GONNECT-both,GONNECT-both,0.9802636534839924,False
PCPG,177,knn_purity_k30,up,GONNECT-SL-enc,GONNECT-SL-enc,0.9884745762711864,False
PCPG,177,knn_purity_k30,up,GONNECT-SL-dec,GONNECT-SL-dec,0.9815819209039548,False
PCPG,177,knn_purity_k30,up,GONNECT-SL-both,GONNECT-SL-both,0.9898681732580036,False
PCPG,177,knn_purity_k30,up,GONNECT-R-enc,GONNECT-DPR-enc,0.9606779661016948,False
PCPG,177,knn_purity_k30,up,GONNECT-R-dec,GONNECT-DPR-dec,0.9868173258003766,False
PCPG,177,knn_purity_k30,up,GONNECT-R-both,GONNECT-DPR-both,0.9796610169491526,False
PAAD,173,knn_purity_k30,up,MLP,MLP,0.8062042389210019,False
PAAD,173,knn_purity_k30,up,GONNECT-enc,GONNECT-enc,0.6833911368015414,False
PAAD,173,knn_purity_k30,up,GONNECT-dec,GONNECT-dec,0.7317148362235067,False
PAAD,173,knn_purity_k30,up,GONNECT-both,GONNECT-both,0.616878612716763,False
PAAD,173,knn_purity_k30,up,GONNECT-SL-enc,GONNECT-SL-enc,0.8085163776493257,False
PAAD,173,knn_purity_k30,up,GONNECT-SL-dec,GONNECT-SL-dec,0.844277456647399,False
PAAD,173,knn_purity_k30,up,GONNECT-SL-both,GONNECT-SL-both,0.8191907514450868,False
PAAD,173,knn_purity_k30,up,GONNECT-R-enc,GONNECT-DPR-enc,0.6935260115606937,False
PAAD,173,knn_purity_k30,up,GONNECT-R-dec,GONNECT-DPR-dec,0.7138342967244701,False
PAAD,173,knn_purity_k30,up,GONNECT-R-both,GONNECT-DPR-both,0.7016570327552987,False
READ,148,knn_purity_k30,up,MLP,MLP,0.3026576576576576,False
READ,148,knn_purity_k30,up,GONNECT-enc,GONNECT-enc,0.2531081081081082,False
READ,148,knn_purity_k30,up,GONNECT-dec,GONNECT-dec,0.2718018018018018,False
READ,148,knn_purity_k30,up,GONNECT-both,GONNECT-both,0.2419369369369369,False
READ,148,knn_purity_k30,up,GONNECT-SL-enc,GONNECT-SL-enc,0.2996396396396396,False
READ,148,knn_purity_k30,up,GONNECT-SL-dec,GONNECT-SL-dec,0.3088738738738738,False
READ,148,knn_purity_k30,up,GONNECT-SL-both,GONNECT-SL-both,0.3063963963963964,False
READ,148,knn_purity_k30,up,GONNECT-R-enc,GONNECT-DPR-enc,0.2568018018018018,False
READ,148,knn_purity_k30,up,GONNECT-R-dec,GONNECT-DPR-dec,0.2914864864864864,False
READ,148,knn_purity_k30,up,GONNECT-R-both,GONNECT-DPR-both,0.2372972972972973,False
TGCT,138,knn_purity_k30,up,MLP,MLP,0.8894685990338165,False
TGCT,138,knn_purity_k30,up,GONNECT-enc,GONNECT-enc,0.8871980676328501,False
TGCT,138,knn_purity_k30,up,GONNECT-dec,GONNECT-dec,0.808792270531401,False
TGCT,138,knn_purity_k30,up,GONNECT-both,GONNECT-both,0.7679227053140096,False
TGCT,138,knn_purity_k30,up,GONNECT-SL-enc,GONNECT-SL-enc,0.9117391304347826,False
TGCT,138,knn_purity_k30,up,GONNECT-SL-dec,GONNECT-SL-dec,0.9127536231884058,False
TGCT,138,knn_purity_k30,up,GONNECT-SL-both,GONNECT-SL-both,0.9221256038647344,False
TGCT,138,knn_purity_k30,up,GONNECT-R-enc,GONNECT-DPR-enc,0.7870048309178743,False
TGCT,138,knn_purity_k30,up,GONNECT-R-dec,GONNECT-DPR-dec,0.7957004830917874,False
TGCT,138,knn_purity_k30,up,GONNECT-R-both,GONNECT-DPR-both,0.7880193236714976,False
LAML,137,knn_purity_k30,up,MLP,MLP,0.9940632603406326,False
LAML,137,knn_purity_k30,up,GONNECT-enc,GONNECT-enc,0.9874939172749392,False
LAML,137,knn_purity_k30,up,GONNECT-dec,GONNECT-dec,0.985839416058394,False
LAML,137,knn_purity_k30,up,GONNECT-both,GONNECT-both,0.967883211678832,False
LAML,137,knn_purity_k30,up,GONNECT-SL-enc,GONNECT-SL-enc,0.9992700729927008,False
LAML,137,knn_purity_k30,up,GONNECT-SL-dec,GONNECT-SL-dec,0.9989294403892944,False
LAML,137,knn_purity_k30,up,GONNECT-SL-both,GONNECT-SL-both,1.0,False
LAML,137,knn_purity_k30,up,GONNECT-R-enc,GONNECT-DPR-enc,0.9687104622871048,False
LAML,137,knn_purity_k30,up,GONNECT-R-dec,GONNECT-DPR-dec,0.9916788321167884,False
LAML,137,knn_purity_k30,up,GONNECT-R-both,GONNECT-DPR-both,0.9702676399026764,False
THYM,119,knn_purity_k30,up,MLP,MLP,0.8691876750700279,False
THYM,119,knn_purity_k30,up,GONNECT-enc,GONNECT-enc,0.8007282913165266,False
THYM,119,knn_purity_k30,up,GONNECT-dec,GONNECT-dec,0.875014005602241,False
THYM,119,knn_purity_k30,up,GONNECT-both,GONNECT-both,0.7723809523809523,False
THYM,119,knn_purity_k30,up,GONNECT-SL-enc,GONNECT-SL-enc,0.9145658263305322,False
THYM,119,knn_purity_k30,up,GONNECT-SL-dec,GONNECT-SL-dec,0.918095238095238,False
THYM,119,knn_purity_k30,up,GONNECT-SL-both,GONNECT-SL-both,0.9407843137254902,False
THYM,119,knn_purity_k30,up,GONNECT-R-enc,GONNECT-DPR-enc,0.7891876750700281,False
THYM,119,knn_purity_k30,up,GONNECT-R-dec,GONNECT-DPR-dec,0.8561904761904762,False
THYM,119,knn_purity_k30,up,GONNECT-R-both,GONNECT-DPR-both,0.8019047619047619,False
MESO,87,knn_purity_k30,up,MLP,MLP,0.873793103448276,False
MESO,87,knn_purity_k30,up,GONNECT-enc,GONNECT-enc,0.3176245210727969,False
MESO,87,knn_purity_k30,up,GONNECT-dec,GONNECT-dec,0.7000766283524904,False
MESO,87,knn_purity_k30,up,GONNECT-both,GONNECT-both,0.43272030651341,False
MESO,87,knn_purity_k30,up,GONNECT-SL-enc,GONNECT-SL-enc,0.8334865900383142,False
MESO,87,knn_purity_k30,up,GONNECT-SL-dec,GONNECT-SL-dec,0.8991570881226053,False
MESO,87,knn_purity_k30,up,GONNECT-SL-both,GONNECT-SL-both,0.8812260536398467,False
MESO,87,knn_purity_k30,up,GONNECT-R-enc,GONNECT-DPR-enc,0.4678927203065134,False
MESO,87,knn_purity_k30,up,GONNECT-R-dec,GONNECT-DPR-dec,0.7839846743295019,False
MESO,87,knn_purity_k30,up,GONNECT-R-both,GONNECT-DPR-both,0.498544061302682,False
UVM,77,knn_purity_k30,up,MLP,MLP,0.9365367965367966,False
UVM,77,knn_purity_k30,up,GONNECT-enc,GONNECT-enc,0.8096969696969696,False
UVM,77,knn_purity_k30,up,GONNECT-dec,GONNECT-dec,0.8764502164502165,False
UVM,77,knn_purity_k30,up,GONNECT-both,GONNECT-both,0.8187878787878787,False
UVM,77,knn_purity_k30,up,GONNECT-SL-enc,GONNECT-SL-enc,0.9269264069264068,False
UVM,77,knn_purity_k30,up,GONNECT-SL-dec,GONNECT-SL-dec,0.968051948051948,False
UVM,77,knn_purity_k30,up,GONNECT-SL-both,GONNECT-SL-both,0.9456277056277056,False
UVM,77,knn_purity_k30,up,GONNECT-R-enc,GONNECT-DPR-enc,0.8667532467532469,False
UVM,77,knn_purity_k30,up,GONNECT-R-dec,GONNECT-DPR-dec,0.8828571428571429,False
UVM,77,knn_purity_k30,up,GONNECT-R-both,GONNECT-DPR-both,0.8183549783549783,False
ACC,76,knn_purity_k30,up,MLP,MLP,0.9111403508771928,False
ACC,76,knn_purity_k30,up,GONNECT-enc,GONNECT-enc,0.7429824561403509,False
ACC,76,knn_purity_k30,up,GONNECT-dec,GONNECT-dec,0.8760526315789473,False
ACC,76,knn_purity_k30,up,GONNECT-both,GONNECT-both,0.7819298245614036,False
ACC,76,knn_purity_k30,up,GONNECT-SL-enc,GONNECT-SL-enc,0.9462280701754386,False
ACC,76,knn_purity_k30,up,GONNECT-SL-dec,GONNECT-SL-dec,0.9474561403508772,False
ACC,76,knn_purity_k30,up,GONNECT-SL-both,GONNECT-SL-both,0.9385964912280702,False
ACC,76,knn_purity_k30,up,GONNECT-R-enc,GONNECT-DPR-enc,0.7540350877192983,False
ACC,76,knn_purity_k30,up,GONNECT-R-dec,GONNECT-DPR-dec,0.9078070175438596,False
ACC,76,knn_purity_k30,up,GONNECT-R-both,GONNECT-DPR-both,0.7251754385964911,False
KICH,65,knn_purity_k30,up,MLP,MLP,0.7701538461538462,False
KICH,65,knn_purity_k30,up,GONNECT-enc,GONNECT-enc,0.7027692307692308,False
KICH,65,knn_purity_k30,up,GONNECT-dec,GONNECT-dec,0.7552820512820513,False
KICH,65,knn_purity_k30,up,GONNECT-both,GONNECT-both,0.6613333333333334,False
KICH,65,knn_purity_k30,up,GONNECT-SL-enc,GONNECT-SL-enc,0.7622564102564102,False
KICH,65,knn_purity_k30,up,GONNECT-SL-dec,GONNECT-SL-dec,0.7855384615384615,False
KICH,65,knn_purity_k30,up,GONNECT-SL-both,GONNECT-SL-both,0.7826666666666666,False
KICH,65,knn_purity_k30,up,GONNECT-R-enc,GONNECT-DPR-enc,0.6309743589743589,False
KICH,65,knn_purity_k30,up,GONNECT-R-dec,GONNECT-DPR-dec,0.7365128205128205,False
KICH,65,knn_purity_k30,up,GONNECT-R-both,GONNECT-DPR-both,0.623076923076923,False
UCS,53,knn_purity_k30,up,MLP,MLP,0.2855345911949685,False
UCS,53,knn_purity_k30,up,GONNECT-enc,GONNECT-enc,0.1578616352201257,False
UCS,53,knn_purity_k30,up,GONNECT-dec,GONNECT-dec,0.2430188679245283,False
UCS,53,knn_purity_k30,up,GONNECT-both,GONNECT-both,0.1254088050314465,False
UCS,53,knn_purity_k30,up,GONNECT-SL-enc,GONNECT-SL-enc,0.2749685534591194,False
UCS,53,knn_purity_k30,up,GONNECT-SL-dec,GONNECT-SL-dec,0.331446540880503,False
UCS,53,knn_purity_k30,up,GONNECT-SL-both,GONNECT-SL-both,0.3251572327044025,False
UCS,53,knn_purity_k30,up,GONNECT-R-enc,GONNECT-DPR-enc,0.1374842767295597,False
UCS,53,knn_purity_k30,up,GONNECT-R-dec,GONNECT-DPR-dec,0.2389937106918239,False
UCS,53,knn_purity_k30,up,GONNECT-R-both,GONNECT-DPR-both,0.1392452830188679,False
DLBC,45,knn_purity_k30,up,MLP,MLP,0.9245925925925926,False
DLBC,45,knn_purity_k30,up,GONNECT-enc,GONNECT-enc,0.7530370370370371,False
DLBC,45,knn_purity_k30,up,GONNECT-dec,GONNECT-dec,0.802814814814815,False
DLBC,45,knn_purity_k30,up,GONNECT-both,GONNECT-both,0.7337777777777778,False
DLBC,45,knn_purity_k30,up,GONNECT-SL-enc,GONNECT-SL-enc,0.9266666666666664,False
DLBC,45,knn_purity_k30,up,GONNECT-SL-dec,GONNECT-SL-dec,0.9254814814814816,False
DLBC,45,knn_purity_k30,up,GONNECT-SL-both,GONNECT-SL-both,0.9494814814814816,False
DLBC,45,knn_purity_k30,up,GONNECT-R-enc,GONNECT-DPR-enc,0.7946666666666667,False
DLBC,45,knn_purity_k30,up,GONNECT-R-dec,GONNECT-DPR-dec,0.756,False
DLBC,45,knn_purity_k30,up,GONNECT-R-both,GONNECT-DPR-both,0.7511111111111111,False
CHOL,35,knn_purity_k30,up,MLP,MLP,0.4531428571428571,False
CHOL,35,knn_purity_k30,up,GONNECT-enc,GONNECT-enc,0.1822857142857143,False
CHOL,35,knn_purity_k30,up,GONNECT-dec,GONNECT-dec,0.3742857142857143,False
CHOL,35,knn_purity_k30,up,GONNECT-both,GONNECT-both,0.242095238095238,False
CHOL,35,knn_purity_k30,up,GONNECT-SL-enc,GONNECT-SL-enc,0.4043809523809524,False
CHOL,35,knn_purity_k30,up,GONNECT-SL-dec,GONNECT-SL-dec,0.488,False
CHOL,35,knn_purity_k30,up,GONNECT-SL-both,GONNECT-SL-both,0.4521904761904761,False
CHOL,35,knn_purity_k30,up,GONNECT-R-enc,GONNECT-DPR-enc,0.1838095238095237,False
CHOL,35,knn_purity_k30,up,GONNECT-R-dec,GONNECT-DPR-dec,0.3257142857142857,False
CHOL,35,knn_purity_k30,up,GONNECT-R-both,GONNECT-DPR-both,0.2001904761904762,False
BRCA,1060,SS,up,MLP,MLP,0.2657267919398439,False
BRCA,1060,SS,up,GONNECT-enc,GONNECT-enc,-0.08194321801630586,False
BRCA,1060,SS,up,GONNECT-dec,GONNECT-dec,0.22219779308087956,False
BRCA,1060,SS,up,GONNECT-both,GONNECT-both,-0.03068019560973225,False
BRCA,1060,SS,up,GONNECT-SL-enc,GONNECT-SL-enc,0.19370163974125532,False
BRCA,1060,SS,up,GONNECT-SL-dec,GONNECT-SL-dec,0.2652431196422033,False
BRCA,1060,SS,up,GONNECT-SL-both,GONNECT-SL-both,0.21394156121986194,False
BRCA,1060,SS,up,GONNECT-R-enc,GONNECT-DPR-enc,-0.041464498420800376,False
BRCA,1060,SS,up,GONNECT-R-dec,GONNECT-DPR-dec,0.2818772231450963,False
BRCA,1060,SS,up,GONNECT-R-both,GONNECT-DPR-both,0.07876401944209767,False
LUAD,516,SS,up,MLP,MLP,0.24095397846368635,False
LUAD,516,SS,up,GONNECT-enc,GONNECT-enc,0.007081883733664376,False
LUAD,516,SS,up,GONNECT-dec,GONNECT-dec,0.18085515031191207,False
LUAD,516,SS,up,GONNECT-both,GONNECT-both,-0.013429498848000373,False
LUAD,516,SS,up,GONNECT-SL-enc,GONNECT-SL-enc,0.2296561805728444,False
LUAD,516,SS,up,GONNECT-SL-dec,GONNECT-SL-dec,0.2857463080273382,False
LUAD,516,SS,up,GONNECT-SL-both,GONNECT-SL-both,0.22403803756426158,False
LUAD,516,SS,up,GONNECT-R-enc,GONNECT-DPR-enc,-0.05951243332629232,False
LUAD,516,SS,up,GONNECT-R-dec,GONNECT-DPR-dec,0.17985879689047962,False
LUAD,516,SS,up,GONNECT-R-both,GONNECT-DPR-both,0.010374275778921662,False
UCEC,513,SS,up,MLP,MLP,0.18903955444831547,False
UCEC,513,SS,up,GONNECT-enc,GONNECT-enc,-0.06636415482118532,False
UCEC,513,SS,up,GONNECT-dec,GONNECT-dec,0.06137957746485075,False
UCEC,513,SS,up,GONNECT-both,GONNECT-both,-0.05761102806676732,False
UCEC,513,SS,up,GONNECT-SL-enc,GONNECT-SL-enc,0.04360615888043441,False
UCEC,513,SS,up,GONNECT-SL-dec,GONNECT-SL-dec,0.1369098101641427,False
UCEC,513,SS,up,GONNECT-SL-both,GONNECT-SL-both,0.04925241350088357,False
UCEC,513,SS,up,GONNECT-R-enc,GONNECT-DPR-enc,-0.0021136692336215773,False
UCEC,513,SS,up,GONNECT-R-dec,GONNECT-DPR-dec,0.04586578699651729,False
UCEC,513,SS,up,GONNECT-R-both,GONNECT-DPR-both,-0.012581574566571751,False
LGG,511,SS,up,MLP,MLP,0.6274227171789608,False
LGG,511,SS,up,GONNECT-enc,GONNECT-enc,0.5348205106670156,False
LGG,511,SS,up,GONNECT-dec,GONNECT-dec,0.7566156606409552,False
LGG,511,SS,up,GONNECT-both,GONNECT-both,0.5594183718794027,False
LGG,511,SS,up,GONNECT-SL-enc,GONNECT-SL-enc,0.5699525232266928,False
LGG,511,SS,up,GONNECT-SL-dec,GONNECT-SL-dec,0.5985649680749434,False
LGG,511,SS,up,GONNECT-SL-both,GONNECT-SL-both,0.5455343227238816,False
LGG,511,SS,up,GONNECT-R-enc,GONNECT-DPR-enc,0.5309346846258236,False
LGG,511,SS,up,GONNECT-R-dec,GONNECT-DPR-dec,0.7574468780091487,False
LGG,511,SS,up,GONNECT-R-both,GONNECT-DPR-both,0.6400191647234893,False
KIRC,508,SS,up,MLP,MLP,0.3101614318972309,False
KIRC,508,SS,up,GONNECT-enc,GONNECT-enc,0.06447799970742163,False
KIRC,508,SS,up,GONNECT-dec,GONNECT-dec,0.3129343768916413,False
KIRC,508,SS,up,GONNECT-both,GONNECT-both,0.10329247544547338,False
KIRC,508,SS,up,GONNECT-SL-enc,GONNECT-SL-enc,0.2158391722621304,False
KIRC,508,SS,up,GONNECT-SL-dec,GONNECT-SL-dec,0.3363059523315233,False
KIRC,508,SS,up,GONNECT-SL-both,GONNECT-SL-both,0.21335773371389744,False
KIRC,508,SS,up,GONNECT-R-enc,GONNECT-DPR-enc,0.10241991516823512,False
KIRC,508,SS,up,GONNECT-R-dec,GONNECT-DPR-dec,0.226688892370686,False
KIRC,508,SS,up,GONNECT-R-both,GONNECT-DPR-both,0.1413034039252638,False
HNSC,498,SS,up,MLP,MLP,0.12505431547663567,False
HNSC,498,SS,up,GONNECT-enc,GONNECT-enc,0.05583278963750752,False
HNSC,498,SS,up,GONNECT-dec,GONNECT-dec,0.08145167521407029,False
HNSC,498,SS,up,GONNECT-both,GONNECT-both,-0.06037517853792378,False
HNSC,498,SS,up,GONNECT-SL-enc,GONNECT-SL-enc,0.0919299509846984,False
HNSC,498,SS,up,GONNECT-SL-dec,GONNECT-SL-dec,0.13639845161622252,False
HNSC,498,SS,up,GONNECT-SL-both,GONNECT-SL-both,0.1293537440880383,False
HNSC,498,SS,up,GONNECT-R-enc,GONNECT-DPR-enc,-0.038343708866760896,False
HNSC,498,SS,up,GONNECT-R-dec,GONNECT-DPR-dec,0.14319489253073292,False
HNSC,498,SS,up,GONNECT-R-both,GONNECT-DPR-both,0.06923369755223335,False
THCA,497,SS,up,MLP,MLP,0.48823583122590275,False
THCA,497,SS,up,GONNECT-enc,GONNECT-enc,0.13540957954253321,False
THCA,497,SS,up,GONNECT-dec,GONNECT-dec,0.36624067242821257,False
THCA,497,SS,up,GONNECT-both,GONNECT-both,0.16517140471834107,False
THCA,497,SS,up,GONNECT-SL-enc,GONNECT-SL-enc,0.46828348034709394,False
THCA,497,SS,up,GONNECT-SL-dec,GONNECT-SL-dec,0.4387716136293466,False
THCA,497,SS,up,GONNECT-SL-both,GONNECT-SL-both,0.4362730402839265,False
THCA,497,SS,up,GONNECT-R-enc,GONNECT-DPR-enc,0.1502455702421051,False
THCA,497,SS,up,GONNECT-R-dec,GONNECT-DPR-dec,0.3242771435192353,False
THCA,497,SS,up,GONNECT-R-both,GONNECT-DPR-both,0.2612174820810093,False
PRAD,477,SS,up,MLP,MLP,0.5568928956762579,False
PRAD,477,SS,up,GONNECT-enc,GONNECT-enc,0.18400068442793688,False
PRAD,477,SS,up,GONNECT-dec,GONNECT-dec,0.46423063524357683,False
PRAD,477,SS,up,GONNECT-both,GONNECT-both,0.3370116202521925,False
PRAD,477,SS,up,GONNECT-SL-enc,GONNECT-SL-enc,0.4624117574292925,False
PRAD,477,SS,up,GONNECT-SL-dec,GONNECT-SL-dec,0.5565726660048258,False
PRAD,477,SS,up,GONNECT-SL-both,GONNECT-SL-both,0.4891881627687257,False
PRAD,477,SS,up,GONNECT-R-enc,GONNECT-DPR-enc,0.15059902329552569,False
PRAD,477,SS,up,GONNECT-R-dec,GONNECT-DPR-dec,0.4861110146095964,False
PRAD,477,SS,up,GONNECT-R-both,GONNECT-DPR-both,0.18661044390469192,False
LUSC,460,SS,up,MLP,MLP,0.14650151574201414,False
LUSC,460,SS,up,GONNECT-enc,GONNECT-enc,-0.06406340509415596,False
LUSC,460,SS,up,GONNECT-dec,GONNECT-dec,0.08196082170536664,False
LUSC,460,SS,up,GONNECT-both,GONNECT-both,-0.029315578915872626,False
LUSC,460,SS,up,GONNECT-SL-enc,GONNECT-SL-enc,0.09263018313470783,False
LUSC,460,SS,up,GONNECT-SL-dec,GONNECT-SL-dec,0.1493814832380092,False
LUSC,460,SS,up,GONNECT-SL-both,GONNECT-SL-both,0.10628277452967236,False
LUSC,460,SS,up,GONNECT-R-enc,GONNECT-DPR-enc,-0.0651414932204729,False
LUSC,460,SS,up,GONNECT-R-dec,GONNECT-DPR-dec,0.0500170902357414,False
LUSC,460,SS,up,GONNECT-R-both,GONNECT-DPR-both,-0.04107129166136788,False
SKCM,440,SS,up,MLP,MLP,0.008985110678980581,False
SKCM,440,SS,up,GONNECT-enc,GONNECT-enc,-0.07851206221807332,False
SKCM,440,SS,up,GONNECT-dec,GONNECT-dec,0.06639031888953861,False
SKCM,440,SS,up,GONNECT-both,GONNECT-both,-0.09076058410592965,False
SKCM,440,SS,up,GONNECT-SL-enc,GONNECT-SL-enc,0.07280694888693498,False
SKCM,440,SS,up,GONNECT-SL-dec,GONNECT-SL-dec,0.26735981947438764,False
SKCM,440,SS,up,GONNECT-SL-both,GONNECT-SL-both,0.09647617269772667,False
SKCM,440,SS,up,GONNECT-R-enc,GONNECT-DPR-enc,0.003796998418369291,False
SKCM,440,SS,up,GONNECT-R-dec,GONNECT-DPR-dec,0.07038437148298254,False
SKCM,440,SS,up,GONNECT-R-both,GONNECT-DPR-both,-0.013528978901614483,False
COAD,433,SS,up,MLP,MLP,-0.03884540982063382,False
COAD,433,SS,up,GONNECT-enc,GONNECT-enc,-0.06999563280276196,False
COAD,433,SS,up,GONNECT-dec,GONNECT-dec,-0.04796417026022342,False
COAD,433,SS,up,GONNECT-both,GONNECT-both,-0.014340478507603855,False
COAD,433,SS,up,GONNECT-SL-enc,GONNECT-SL-enc,-0.04145853856483116,False
COAD,433,SS,up,GONNECT-SL-dec,GONNECT-SL-dec,-0.051944177789233256,False
COAD,433,SS,up,GONNECT-SL-both,GONNECT-SL-both,-0.03406218013217462,False
COAD,433,SS,up,GONNECT-R-enc,GONNECT-DPR-enc,-0.04750833120057122,False
COAD,433,SS,up,GONNECT-R-dec,GONNECT-DPR-dec,-0.020576280993660555,False
COAD,433,SS,up,GONNECT-R-both,GONNECT-DPR-both,-0.010621743863938861,False
OV,403,SS,up,MLP,MLP,0.3908022774874117,False
OV,403,SS,up,GONNECT-enc,GONNECT-enc,-0.030325454111612353,False
OV,403,SS,up,GONNECT-dec,GONNECT-dec,0.08033143615697416,False
OV,403,SS,up,GONNECT-both,GONNECT-both,0.017991025669070442,False
OV,403,SS,up,GONNECT-SL-enc,GONNECT-SL-enc,0.23593287501182775,False
OV,403,SS,up,GONNECT-SL-dec,GONNECT-SL-dec,0.39794185600340276,False
OV,403,SS,up,GONNECT-SL-both,GONNECT-SL-both,0.2719561435937535,False
OV,403,SS,up,GONNECT-R-enc,GONNECT-DPR-enc,0.04145046221684553,False
OV,403,SS,up,GONNECT-R-dec,GONNECT-DPR-dec,0.1605610838466055,False
OV,403,SS,up,GONNECT-R-both,GONNECT-DPR-both,0.05503755716232822,False
STAD,397,SS,up,MLP,MLP,-0.09294231778289778,False
STAD,397,SS,up,GONNECT-enc,GONNECT-enc,-0.12385140965397753,False
STAD,397,SS,up,GONNECT-dec,GONNECT-dec,-0.052695729461333475,False
STAD,397,SS,up,GONNECT-both,GONNECT-both,-0.10222724391847268,False
STAD,397,SS,up,GONNECT-SL-enc,GONNECT-SL-enc,-0.04506587297879623,False
STAD,397,SS,up,GONNECT-SL-dec,GONNECT-SL-dec,0.010078991585180459,False
STAD,397,SS,up,GONNECT-SL-both,GONNECT-SL-both,-0.0027198686809162113,False
STAD,397,SS,up,GONNECT-R-enc,GONNECT-DPR-enc,-0.1809365208968654,False
STAD,397,SS,up,GONNECT-R-dec,GONNECT-DPR-dec,-0.08506875135056899,False
STAD,397,SS,up,GONNECT-R-both,GONNECT-DPR-both,-0.16066701332912897,False
BLCA,387,SS,up,MLP,MLP,0.09386913970619747,False
BLCA,387,SS,up,GONNECT-enc,GONNECT-enc,-0.14793093154162312,False
BLCA,387,SS,up,GONNECT-dec,GONNECT-dec,-0.10090805256195046,False
BLCA,387,SS,up,GONNECT-both,GONNECT-both,-0.050273099015125645,False
BLCA,387,SS,up,GONNECT-SL-enc,GONNECT-SL-enc,0.04362044855885554,False
BLCA,387,SS,up,GONNECT-SL-dec,GONNECT-SL-dec,0.08986688971845432,False
BLCA,387,SS,up,GONNECT-SL-both,GONNECT-SL-both,0.050952226267991084,False
BLCA,387,SS,up,GONNECT-R-enc,GONNECT-DPR-enc,-0.12560397918955238,False
BLCA,387,SS,up,GONNECT-R-dec,GONNECT-DPR-dec,-0.1513677107837968,False
BLCA,387,SS,up,GONNECT-R-both,GONNECT-DPR-both,-0.11018875532232675,False
LIHC,362,SS,up,MLP,MLP,0.34219682784364147,False
LIHC,362,SS,up,GONNECT-enc,GONNECT-enc,0.4327645434220545,False
LIHC,362,SS,up,GONNECT-dec,GONNECT-dec,0.5847724941051332,False
LIHC,362,SS,up,GONNECT-both,GONNECT-both,0.49139096954924766,False
LIHC,362,SS,up,GONNECT-SL-enc,GONNECT-SL-enc,0.3855749680494499,False
LIHC,362,SS,up,GONNECT-SL-dec,GONNECT-SL-dec,0.2801812481455109,False
LIHC,362,SS,up,GONNECT-SL-both,GONNECT-SL-both,0.3295608326178019,False
LIHC,362,SS,up,GONNECT-R-enc,GONNECT-DPR-enc,0.32914103170263875,False
LIHC,362,SS,up,GONNECT-R-dec,GONNECT-DPR-dec,0.6116935657795615,False
LIHC,362,SS,up,GONNECT-R-both,GONNECT-DPR-both,0.5441975480505647,False
CESC,293,SS,up,MLP,MLP,0.07513265964922747,False
CESC,293,SS,up,GONNECT-enc,GONNECT-enc,-0.028260557415156134,False
CESC,293,SS,up,GONNECT-dec,GONNECT-dec,-0.03272458140282449,False
CESC,293,SS,up,GONNECT-both,GONNECT-both,-0.01204190581954447,False
CESC,293,SS,up,GONNECT-SL-enc,GONNECT-SL-enc,0.009549395424598947,False
CESC,293,SS,up,GONNECT-SL-dec,GONNECT-SL-dec,0.029579983631205113,False
CESC,293,SS,up,GONNECT-SL-both,GONNECT-SL-both,-0.008256673486210465,False
CESC,293,SS,up,GONNECT-R-enc,GONNECT-DPR-enc,-0.001133871199840642,False
CESC,293,SS,up,GONNECT-R-dec,GONNECT-DPR-dec,-0.08931016084084158,False
CESC,293,SS,up,GONNECT-R-both,GONNECT-DPR-both,-0.06684045673742763,False
KIRP,282,SS,up,MLP,MLP,0.2966483066863924,False
KIRP,282,SS,up,GONNECT-enc,GONNECT-enc,0.08298134729238979,False
KIRP,282,SS,up,GONNECT-dec,GONNECT-dec,0.2637321334704915,False
KIRP,282,SS,up,GONNECT-both,GONNECT-both,0.05056214511203207,False
KIRP,282,SS,up,GONNECT-SL-enc,GONNECT-SL-enc,0.26515199132027384,False
KIRP,282,SS,up,GONNECT-SL-dec,GONNECT-SL-dec,0.3067012933937371,False
KIRP,282,SS,up,GONNECT-SL-both,GONNECT-SL-both,0.22258919610691522,False
KIRP,282,SS,up,GONNECT-R-enc,GONNECT-DPR-enc,0.06730142254137379,False
KIRP,282,SS,up,GONNECT-R-dec,GONNECT-DPR-dec,0.1954110132162578,False
KIRP,282,SS,up,GONNECT-R-both,GONNECT-DPR-both,0.12188181014996254,False
SARC,250,SS,up,MLP,MLP,0.16744264036017195,False
SARC,250,SS,up,GONNECT-enc,GONNECT-enc,-0.03611193468117591,False
SARC,250,SS,up,GONNECT-dec,GONNECT-dec,0.11288527630434383,False
SARC,250,SS,up,GONNECT-both,GONNECT-both,-0.1547696835315478,False
SARC,250,SS,up,GONNECT-SL-enc,GONNECT-SL-enc,0.06866984911745547,False
SARC,250,SS,up,GONNECT-SL-dec,GONNECT-SL-dec,0.0879990588546543,False
SARC,250,SS,up,GONNECT-SL-both,GONNECT-SL-both,0.08972409349723619,False
SARC,250,SS,up,GONNECT-R-enc,GONNECT-DPR-enc,-0.05936507394733735,False
SARC,250,SS,up,GONNECT-R-dec,GONNECT-DPR-dec,0.19610493697534365,False
SARC,250,SS,up,GONNECT-R-both,GONNECT-DPR-both,-0.05432316156579433,False
ESCA,180,SS,up,MLP,MLP,-0.21028836263850909,False
ESCA,180,SS,up,GONNECT-enc,GONNECT-enc,-0.19442512257629402,False
ESCA,180,SS,up,GONNECT-dec,GONNECT-dec,-0.25076424149188126,False
ESCA,180,SS,up,GONNECT-both,GONNECT-both,-0.16544898952230375,False
ESCA,180,SS,up,GONNECT-SL-enc,GONNECT-SL-enc,-0.1915675025551689,False
ESCA,180,SS,up,GONNECT-SL-dec,GONNECT-SL-dec,-0.15360494278890655,False
ESCA,180,SS,up,GONNECT-SL-both,GONNECT-SL-both,-0.19894932021759398,False
ESCA,180,SS,up,GONNECT-R-enc,GONNECT-DPR-enc,-0.1568374439048692,False
ESCA,180,SS,up,GONNECT-R-dec,GONNECT-DPR-dec,-0.3265494773353075,False
ESCA,180,SS,up,GONNECT-R-both,GONNECT-DPR-both,-0.2494635437084828,False
PCPG,177,SS,up,MLP,MLP,0.44163495471874514,False
PCPG,177,SS,up,GONNECT-enc,GONNECT-enc,0.3519067584426819,False
PCPG,177,SS,up,GONNECT-dec,GONNECT-dec,0.6594379110436847,False
PCPG,177,SS,up,GONNECT-both,GONNECT-both,0.27792599005089375,False
PCPG,177,SS,up,GONNECT-SL-enc,GONNECT-SL-enc,0.4504982886685238,False
PCPG,177,SS,up,GONNECT-SL-dec,GONNECT-SL-dec,0.49749018899225,False
PCPG,177,SS,up,GONNECT-SL-both,GONNECT-SL-both,0.42487906737428655,False
PCPG,177,SS,up,GONNECT-R-enc,GONNECT-DPR-enc,0.2688711744981155,False
PCPG,177,SS,up,GONNECT-R-dec,GONNECT-DPR-dec,0.6053256359935972,False
PCPG,177,SS,up,GONNECT-R-both,GONNECT-DPR-both,0.45146012248168493,False
PAAD,173,SS,up,MLP,MLP,-0.09889702179515342,False
PAAD,173,SS,up,GONNECT-enc,GONNECT-enc,0.0859057447585029,False
PAAD,173,SS,up,GONNECT-dec,GONNECT-dec,0.12058445971509042,False
PAAD,173,SS,up,GONNECT-both,GONNECT-both,-0.0010186913488022808,False
PAAD,173,SS,up,GONNECT-SL-enc,GONNECT-SL-enc,0.13085744758261636,False
PAAD,173,SS,up,GONNECT-SL-dec,GONNECT-SL-dec,0.09774625042707638,False
PAAD,173,SS,up,GONNECT-SL-both,GONNECT-SL-both,0.14288666509831313,False
PAAD,173,SS,up,GONNECT-R-enc,GONNECT-DPR-enc,0.00888364549546277,False
PAAD,173,SS,up,GONNECT-R-dec,GONNECT-DPR-dec,-0.00584147038681525,False
PAAD,173,SS,up,GONNECT-R-both,GONNECT-DPR-both,0.06673806846420664,False
READ,148,SS,up,MLP,MLP,0.05047500869873467,False
READ,148,SS,up,GONNECT-enc,GONNECT-enc,-0.005312255639853437,False
READ,148,SS,up,GONNECT-dec,GONNECT-dec,0.010748903644085971,False
READ,148,SS,up,GONNECT-both,GONNECT-both,-0.008784494217161327,False
READ,148,SS,up,GONNECT-SL-enc,GONNECT-SL-enc,0.04912756157118072,False
READ,148,SS,up,GONNECT-SL-dec,GONNECT-SL-dec,0.07393299789087296,False
READ,148,SS,up,GONNECT-SL-both,GONNECT-SL-both,0.04444614056536477,False
READ,148,SS,up,GONNECT-R-enc,GONNECT-DPR-enc,-0.00016345379309977981,False
READ,148,SS,up,GONNECT-R-dec,GONNECT-DPR-dec,0.0031667972908895974,False
READ,148,SS,up,GONNECT-R-both,GONNECT-DPR-both,-0.01038016686723856,False
TGCT,138,SS,up,MLP,MLP,0.2276008554324779,False
TGCT,138,SS,up,GONNECT-enc,GONNECT-enc,-0.06228715875913325,False
TGCT,138,SS,up,GONNECT-dec,GONNECT-dec,-0.0013121684437112716,False
TGCT,138,SS,up,GONNECT-both,GONNECT-both,-0.10111055834715606,False
TGCT,138,SS,up,GONNECT-SL-enc,GONNECT-SL-enc,0.21445778850516034,False
TGCT,138,SS,up,GONNECT-SL-dec,GONNECT-SL-dec,0.3433089307491569,False
TGCT,138,SS,up,GONNECT-SL-both,GONNECT-SL-both,0.136551528790679,False
TGCT,138,SS,up,GONNECT-R-enc,GONNECT-DPR-enc,-0.17039469048297,False
TGCT,138,SS,up,GONNECT-R-dec,GONNECT-DPR-dec,-0.014465484409145796,False
TGCT,138,SS,up,GONNECT-R-both,GONNECT-DPR-both,-0.017847241882278493,False
LAML,137,SS,up,MLP,MLP,0.6293121309836485,False
LAML,137,SS,up,GONNECT-enc,GONNECT-enc,0.3840834036183378,False
LAML,137,SS,up,GONNECT-dec,GONNECT-dec,0.6790487987636327,False
LAML,137,SS,up,GONNECT-both,GONNECT-both,0.38082439954826774,False
LAML,137,SS,up,GONNECT-SL-enc,GONNECT-SL-enc,0.5946238085477011,False
LAML,137,SS,up,GONNECT-SL-dec,GONNECT-SL-dec,0.6332617945445513,False
LAML,137,SS,up,GONNECT-SL-both,GONNECT-SL-both,0.5136770069195313,False
LAML,137,SS,up,GONNECT-R-enc,GONNECT-DPR-enc,0.35851716669394496,False
LAML,137,SS,up,GONNECT-R-dec,GONNECT-DPR-dec,0.6988022986751358,False
LAML,137,SS,up,GONNECT-R-both,GONNECT-DPR-both,0.3591948386222083,False
THYM,119,SS,up,MLP,MLP,0.1461122543896265,False
THYM,119,SS,up,GONNECT-enc,GONNECT-enc,0.16541239842626823,False
THYM,119,SS,up,GONNECT-dec,GONNECT-dec,0.20771107671869302,False
THYM,119,SS,up,GONNECT-both,GONNECT-both,0.13145097930845265,False
THYM,119,SS,up,GONNECT-SL-enc,GONNECT-SL-enc,0.3211938200252595,False
THYM,119,SS,up,GONNECT-SL-dec,GONNECT-SL-dec,0.4081679718649327,False
THYM,119,SS,up,GONNECT-SL-both,GONNECT-SL-both,0.3199139690092682,False
THYM,119,SS,up,GONNECT-R-enc,GONNECT-DPR-enc,0.1368568383910915,False
THYM,119,SS,up,GONNECT-R-dec,GONNECT-DPR-dec,0.13866445972171831,False
THYM,119,SS,up,GONNECT-R-both,GONNECT-DPR-both,0.13722336763817458,False
MESO,87,SS,up,MLP,MLP,0.3587944054338713,False
MESO,87,SS,up,GONNECT-enc,GONNECT-enc,-0.0061983021796651085,False
MESO,87,SS,up,GONNECT-dec,GONNECT-dec,0.2375500285617207,False
MESO,87,SS,up,GONNECT-both,GONNECT-both,0.02316126494106027,False
MESO,87,SS,up,GONNECT-SL-enc,GONNECT-SL-enc,0.2693707406802742,False
MESO,87,SS,up,GONNECT-SL-dec,GONNECT-SL-dec,0.3876740491442153,False
MESO,87,SS,up,GONNECT-SL-both,GONNECT-SL-both,0.35417585464750656,False
MESO,87,SS,up,GONNECT-R-enc,GONNECT-DPR-enc,0.042111799211403046,False
MESO,87,SS,up,GONNECT-R-dec,GONNECT-DPR-dec,0.3446723817163333,False
MESO,87,SS,up,GONNECT-R-both,GONNECT-DPR-both,0.12670422285021957,False
UVM,77,SS,up,MLP,MLP,0.5587336601596494,False
UVM,77,SS,up,GONNECT-enc,GONNECT-enc,0.18049260055368727,False
UVM,77,SS,up,GONNECT-dec,GONNECT-dec,0.4927561211692707,False
UVM,77,SS,up,GONNECT-both,GONNECT-both,0.3555315449269211,False
UVM,77,SS,up,GONNECT-SL-enc,GONNECT-SL-enc,0.44178358923843997,False
UVM,77,SS,up,GONNECT-SL-dec,GONNECT-SL-dec,0.5389357425199651,False
UVM,77,SS,up,GONNECT-SL-both,GONNECT-SL-both,0.4029962224016007,False
UVM,77,SS,up,GONNECT-R-enc,GONNECT-DPR-enc,0.47069226319387275,False
UVM,77,SS,up,GONNECT-R-dec,GONNECT-DPR-dec,0.4966157709323767,False
UVM,77,SS,up,GONNECT-R-both,GONNECT-DPR-both,0.47134705982877156,False
ACC,76,SS,up,MLP,MLP,0.2905147125988353,False
ACC,76,SS,up,GONNECT-enc,GONNECT-enc,0.13032117704247986,False
ACC,76,SS,up,GONNECT-dec,GONNECT-dec,0.2834855403934373,False
ACC,76,SS,up,GONNECT-both,GONNECT-both,0.12226568100759787,False
ACC,76,SS,up,GONNECT-SL-enc,GONNECT-SL-enc,0.4026683602026006,False
ACC,76,SS,up,GONNECT-SL-dec,GONNECT-SL-dec,0.4541504685755112,False
ACC,76,SS,up,GONNECT-SL-both,GONNECT-SL-both,0.3518236769101245,False
ACC,76,SS,up,GONNECT-R-enc,GONNECT-DPR-enc,0.12632171170263326,False
ACC,76,SS,up,GONNECT-R-dec,GONNECT-DPR-dec,0.351808488177953,False
ACC,76,SS,up,GONNECT-R-both,GONNECT-DPR-both,0.12169054952931153,False
KICH,65,SS,up,MLP,MLP,0.5281553430807612,False
KICH,65,SS,up,GONNECT-enc,GONNECT-enc,0.34368487472088594,False
KICH,65,SS,up,GONNECT-dec,GONNECT-dec,0.3855345767398596,False
KICH,65,SS,up,GONNECT-both,GONNECT-both,0.2282664942697552,False
KICH,65,SS,up,GONNECT-SL-enc,GONNECT-SL-enc,0.535190299442722,False
KICH,65,SS,up,GONNECT-SL-dec,GONNECT-SL-dec,0.6257161938027268,False
KICH,65,SS,up,GONNECT-SL-both,GONNECT-SL-both,0.4906458762692756,False
KICH,65,SS,up,GONNECT-R-enc,GONNECT-DPR-enc,0.1890887493168292,False
KICH,65,SS,up,GONNECT-R-dec,GONNECT-DPR-dec,0.4358913079654506,False
KICH,65,SS,up,GONNECT-R-both,GONNECT-DPR-both,0.20594915776891343,False
UCS,53,SS,up,MLP,MLP,-0.08521990051721029,False
UCS,53,SS,up,GONNECT-enc,GONNECT-enc,-0.10767904196496506,False
UCS,53,SS,up,GONNECT-dec,GONNECT-dec,-0.04552422741129021,False
UCS,53,SS,up,GONNECT-both,GONNECT-both,-0.28012468932651974,False
UCS,53,SS,up,GONNECT-SL-enc,GONNECT-SL-enc,-0.05520182202123295,False
UCS,53,SS,up,GONNECT-SL-dec,GONNECT-SL-dec,-0.004481200064641262,False
UCS,53,SS,up,GONNECT-SL-both,GONNECT-SL-both,0.01693108368483848,False
UCS,53,SS,up,GONNECT-R-enc,GONNECT-DPR-enc,-0.11003787015778414,False
UCS,53,SS,up,GONNECT-R-dec,GONNECT-DPR-dec,-0.1377918366190494,False
UCS,53,SS,up,GONNECT-R-both,GONNECT-DPR-both,-0.11127154957851529,False
DLBC,45,SS,up,MLP,MLP,0.5607756912854202,False
DLBC,45,SS,up,GONNECT-enc,GONNECT-enc,0.4273854635842797,False
DLBC,45,SS,up,GONNECT-dec,GONNECT-dec,0.4402769278282334,False
DLBC,45,SS,up,GONNECT-both,GONNECT-both,0.3313293204256245,False
DLBC,45,SS,up,GONNECT-SL-enc,GONNECT-SL-enc,0.5389759009487984,False
DLBC,45,SS,up,GONNECT-SL-dec,GONNECT-SL-dec,0.49564541777583254,False
DLBC,45,SS,up,GONNECT-SL-both,GONNECT-SL-both,0.53511490409116,False
DLBC,45,SS,up,GONNECT-R-enc,GONNECT-DPR-enc,0.43529534722441127,False
DLBC,45,SS,up,GONNECT-R-dec,GONNECT-DPR-dec,0.4133697532320447,False
DLBC,45,SS,up,GONNECT-R-both,GONNECT-DPR-both,0.38137825487305427,False
CHOL,35,SS,up,MLP,MLP,0.19375462075992333,False
CHOL,35,SS,up,GONNECT-enc,GONNECT-enc,-0.13885371392460008,False
CHOL,35,SS,up,GONNECT-dec,GONNECT-dec,-0.043553601484549835,False
CHOL,35,SS,up,GONNECT-both,GONNECT-both,-0.12846284917954928,False
CHOL,35,SS,up,GONNECT-SL-enc,GONNECT-SL-enc,0.01859360255230234,False
CHOL,35,SS,up,GONNECT-SL-dec,GONNECT-SL-dec,0.2648751688183776,False
CHOL,35,SS,up,GONNECT-SL-both,GONNECT-SL-both,0.11344207912139767,False
CHOL,35,SS,up,GONNECT-R-enc,GONNECT-DPR-enc,-0.24661993668086613,False
CHOL,35,SS,up,GONNECT-R-dec,GONNECT-DPR-dec,-0.1011615901218296,False
CHOL,35,SS,up,GONNECT-R-both,GONNECT-DPR-both,-0.2522654952449582,False
BRCA,1060,MSE,down,MLP,MLP,0.275,False
BRCA,1060,MSE,down,GONNECT-enc,GONNECT-enc,0.268,False
BRCA,1060,MSE,down,GONNECT-dec,GONNECT-dec,0.55,False
BRCA,1060,MSE,down,GONNECT-both,GONNECT-both,0.584,False
BRCA,1060,MSE,down,GONNECT-SL-enc,GONNECT-SL-enc,0.247,False
BRCA,1060,MSE,down,GONNECT-SL-dec,GONNECT-SL-dec,0.254,False
BRCA,1060,MSE,down,GONNECT-SL-both,GONNECT-SL-both,0.213,False
BRCA,1060,MSE,down,GONNECT-R-enc,GONNECT-DPR-enc,0.285,False
BRCA,1060,MSE,down,GONNECT-R-dec,GONNECT-DPR-dec,0.594,False
BRCA,1060,MSE,down,GONNECT-R-both,GONNECT-DPR-both,0.628,False
LUAD,516,MSE,down,MLP,MLP,0.244,False
LUAD,516,MSE,down,GONNECT-enc,GONNECT-enc,0.248,False
LUAD,516,MSE,down,GONNECT-dec,GONNECT-dec,0.497,False
LUAD,516,MSE,down,GONNECT-both,GONNECT-both,0.53,False
LUAD,516,MSE,down,GONNECT-SL-enc,GONNECT-SL-enc,0.223,False
LUAD,516,MSE,down,GONNECT-SL-dec,GONNECT-SL-dec,0.232,False
LUAD,516,MSE,down,GONNECT-SL-both,GONNECT-SL-both,0.199,False
LUAD,516,MSE,down,GONNECT-R-enc,GONNECT-DPR-enc,0.266,False
LUAD,516,MSE,down,GONNECT-R-dec,GONNECT-DPR-dec,0.551,False
LUAD,516,MSE,down,GONNECT-R-both,GONNECT-DPR-both,0.587,False
UCEC,513,MSE,down,MLP,MLP,0.271,False
UCEC,513,MSE,down,GONNECT-enc,GONNECT-enc,0.282,False
UCEC,513,MSE,down,GONNECT-dec,GONNECT-dec,0.504,False
UCEC,513,MSE,down,GONNECT-both,GONNECT-both,0.541,False
UCEC,513,MSE,down,GONNECT-SL-enc,GONNECT-SL-enc,0.257,False
UCEC,513,MSE,down,GONNECT-SL-dec,GONNECT-SL-dec,0.255,False
UCEC,513,MSE,down,GONNECT-SL-both,GONNECT-SL-both,0.226,False
UCEC,513,MSE,down,GONNECT-R-enc,GONNECT-DPR-enc,0.303,False
UCEC,513,MSE,down,GONNECT-R-dec,GONNECT-DPR-dec,0.541,False
UCEC,513,MSE,down,GONNECT-R-both,GONNECT-DPR-both,0.578,False
LGG,511,MSE,down,MLP,MLP,0.121,False
LGG,511,MSE,down,GONNECT-enc,GONNECT-enc,0.13,False
LGG,511,MSE,down,GONNECT-dec,GONNECT-dec,0.527,False
LGG,511,MSE,down,GONNECT-both,GONNECT-both,0.67,False
LGG,511,MSE,down,GONNECT-SL-enc,GONNECT-SL-enc,0.114,False
LGG,511,MSE,down,GONNECT-SL-dec,GONNECT-SL-dec,0.125,False
LGG,511,MSE,down,GONNECT-SL-both,GONNECT-SL-both,0.104,False
LGG,511,MSE,down,GONNECT-R-enc,GONNECT-DPR-enc,0.13,False
LGG,511,MSE,down,GONNECT-R-dec,GONNECT-DPR-dec,0.854,False
LGG,511,MSE,down,GONNECT-R-both,GONNECT-DPR-both,0.907,False
KIRC,508,MSE,down,MLP,MLP,0.176,False
KIRC,508,MSE,down,GONNECT-enc,GONNECT-enc,0.175,False
KIRC,508,MSE,down,GONNECT-dec,GONNECT-dec,0.561,False
KIRC,508,MSE,down,GONNECT-both,GONNECT-both,0.599,False
KIRC,508,MSE,down,GONNECT-SL-enc,GONNECT-SL-enc,0.164,False
KIRC,508,MSE,down,GONNECT-SL-dec,GONNECT-SL-dec,0.175,False
KIRC,508,MSE,down,GONNECT-SL-both,GONNECT-SL-both,0.15,False
KIRC,508,MSE,down,GONNECT-R-enc,GONNECT-DPR-enc,0.189,False
KIRC,508,MSE,down,GONNECT-R-dec,GONNECT-DPR-dec,0.61,False
KIRC,508,MSE,down,GONNECT-R-both,GONNECT-DPR-both,0.662,False
HNSC,498,MSE,down,MLP,MLP,0.219,False
HNSC,498,MSE,down,GONNECT-enc,GONNECT-enc,0.209,False
HNSC,498,MSE,down,GONNECT-dec,GONNECT-dec,0.682,False
HNSC,498,MSE,down,GONNECT-both,GONNECT-both,0.677,False
HNSC,498,MSE,down,GONNECT-SL-enc,GONNECT-SL-enc,0.192,False
HNSC,498,MSE,down,GONNECT-SL-dec,GONNECT-SL-dec,0.201,False
HNSC,498,MSE,down,GONNECT-SL-both,GONNECT-SL-both,0.17,False
HNSC,498,MSE,down,GONNECT-R-enc,GONNECT-DPR-enc,0.236,False
HNSC,498,MSE,down,GONNECT-R-dec,GONNECT-DPR-dec,0.774,False
HNSC,498,MSE,down,GONNECT-R-both,GONNECT-DPR-both,0.833,False
THCA,497,MSE,down,MLP,MLP,0.15,False
THCA,497,MSE,down,GONNECT-enc,GONNECT-enc,0.154,False
THCA,497,MSE,down,GONNECT-dec,GONNECT-dec,0.552,False
THCA,497,MSE,down,GONNECT-both,GONNECT-both,0.599,False
THCA,497,MSE,down,GONNECT-SL-enc,GONNECT-SL-enc,0.142,False
THCA,497,MSE,down,GONNECT-SL-dec,GONNECT-SL-dec,0.15,False
THCA,497,MSE,down,GONNECT-SL-both,GONNECT-SL-both,0.129,False
THCA,497,MSE,down,GONNECT-R-enc,GONNECT-DPR-enc,0.156,False
THCA,497,MSE,down,GONNECT-R-dec,GONNECT-DPR-dec,0.598,False
THCA,497,MSE,down,GONNECT-R-both,GONNECT-DPR-both,0.645,False
PRAD,477,MSE,down,MLP,MLP,0.157,False
PRAD,477,MSE,down,GONNECT-enc,GONNECT-enc,0.16,False
PRAD,477,MSE,down,GONNECT-dec,GONNECT-dec,0.718,False
PRAD,477,MSE,down,GONNECT-both,GONNECT-both,0.756,False
PRAD,477,MSE,down,GONNECT-SL-enc,GONNECT-SL-enc,0.145,False
PRAD,477,MSE,down,GONNECT-SL-dec,GONNECT-SL-dec,0.154,False
PRAD,477,MSE,down,GONNECT-SL-both,GONNECT-SL-both,0.13,False
PRAD,477,MSE,down,GONNECT-R-enc,GONNECT-DPR-enc,0.174,False
PRAD,477,MSE,down,GONNECT-R-dec,GONNECT-DPR-dec,0.768,False
PRAD,477,MSE,down,GONNECT-R-both,GONNECT-DPR-both,0.823,False
LUSC,460,MSE,down,MLP,MLP,0.234,False
LUSC,460,MSE,down,GONNECT-enc,GONNECT-enc,0.236,False
LUSC,460,MSE,down,GONNECT-dec,GONNECT-dec,0.469,False
LUSC,460,MSE,down,GONNECT-both,GONNECT-both,0.498,False
LUSC,460,MSE,down,GONNECT-SL-enc,GONNECT-SL-enc,0.211,False
LUSC,460,MSE,down,GONNECT-SL-dec,GONNECT-SL-dec,0.216,False
LUSC,460,MSE,down,GONNECT-SL-both,GONNECT-SL-both,0.186,False
LUSC,460,MSE,down,GONNECT-R-enc,GONNECT-DPR-enc,0.251,False
LUSC,460,MSE,down,GONNECT-R-dec,GONNECT-DPR-dec,0.534,False
LUSC,460,MSE,down,GONNECT-R-both,GONNECT-DPR-both,0.571,False
SKCM,440,MSE,down,MLP,MLP,0.339,False
SKCM,440,MSE,down,GONNECT-enc,GONNECT-enc,0.327,False
SKCM,440,MSE,down,GONNECT-dec,GONNECT-dec,0.675,False
SKCM,440,MSE,down,GONNECT-both,GONNECT-both,0.778,False
SKCM,440,MSE,down,GONNECT-SL-enc,GONNECT-SL-enc,0.297,False
SKCM,440,MSE,down,GONNECT-SL-dec,GONNECT-SL-dec,0.301,False
SKCM,440,MSE,down,GONNECT-SL-both,GONNECT-SL-both,0.258,False
SKCM,440,MSE,down,GONNECT-R-enc,GONNECT-DPR-enc,0.348,False
SKCM,440,MSE,down,GONNECT-R-dec,GONNECT-DPR-dec,0.776,False
SKCM,440,MSE,down,GONNECT-R-both,GONNECT-DPR-both,0.837,False
COAD,433,MSE,down,MLP,MLP,0.193,False
COAD,433,MSE,down,GONNECT-enc,GONNECT-enc,0.188,False
COAD,433,MSE,down,GONNECT-dec,GONNECT-dec,0.562,False
COAD,433,MSE,down,GONNECT-both,GONNECT-both,0.586,False
COAD,433,MSE,down,GONNECT-SL-enc,GONNECT-SL-enc,0.173,False
COAD,433,MSE,down,GONNECT-SL-dec,GONNECT-SL-dec,0.19,False
COAD,433,MSE,down,GONNECT-SL-both,GONNECT-SL-both,0.154,False
COAD,433,MSE,down,GONNECT-R-enc,GONNECT-DPR-enc,0.208,False
COAD,433,MSE,down,GONNECT-R-dec,GONNECT-DPR-dec,0.596,False
COAD,433,MSE,down,GONNECT-R-both,GONNECT-DPR-both,0.642,False
OV,403,MSE,down,MLP,MLP,0.246,False
OV,403,MSE,down,GONNECT-enc,GONNECT-enc,0.253,False
OV,403,MSE,down,GONNECT-dec,GONNECT-dec,0.504,False
OV,403,MSE,down,GONNECT-both,GONNECT-both,0.554,False
OV,403,MSE,down,GONNECT-SL-enc,GONNECT-SL-enc,0.232,False
OV,403,MSE,down,GONNECT-SL-dec,GONNECT-SL-dec,0.232,False
OV,403,MSE,down,GONNECT-SL-both,GONNECT-SL-both,0.21,False
OV,403,MSE,down,GONNECT-R-enc,GONNECT-DPR-enc,0.267,False
OV,403,MSE,down,GONNECT-R-dec,GONNECT-DPR-dec,0.54,False
OV,403,MSE,down,GONNECT-R-both,GONNECT-DPR-both,0.584,False
STAD,397,MSE,down,MLP,MLP,0.29,False
STAD,397,MSE,down,GONNECT-enc,GONNECT-enc,0.295,False
STAD,397,MSE,down,GONNECT-dec,GONNECT-dec,0.628,False
STAD,397,MSE,down,GONNECT-both,GONNECT-both,0.651,False
STAD,397,MSE,down,GONNECT-SL-enc,GONNECT-SL-enc,0.261,False
STAD,397,MSE,down,GONNECT-SL-dec,GONNECT-SL-dec,0.272,False
STAD,397,MSE,down,GONNECT-SL-both,GONNECT-SL-both,0.229,False
STAD,397,MSE,down,GONNECT-R-enc,GONNECT-DPR-enc,0.319,False
STAD,397,MSE,down,GONNECT-R-dec,GONNECT-DPR-dec,0.669,False
STAD,397,MSE,down,GONNECT-R-both,GONNECT-DPR-both,0.711,False
BLCA,387,MSE,down,MLP,MLP,0.309,False
BLCA,387,MSE,down,GONNECT-enc,GONNECT-enc,0.314,False
BLCA,387,MSE,down,GONNECT-dec,GONNECT-dec,0.591,False
BLCA,387,MSE,down,GONNECT-both,GONNECT-both,0.635,False
BLCA,387,MSE,down,GONNECT-SL-enc,GONNECT-SL-enc,0.279,False
BLCA,387,MSE,down,GONNECT-SL-dec,GONNECT-SL-dec,0.289,False
BLCA,387,MSE,down,GONNECT-SL-both,GONNECT-SL-both,0.248,False
BLCA,387,MSE,down,GONNECT-R-enc,GONNECT-DPR-enc,0.331,False
BLCA,387,MSE,down,GONNECT-R-dec,GONNECT-DPR-dec,0.647,False
BLCA,387,MSE,down,GONNECT-R-both,GONNECT-DPR-both,0.711,False
LIHC,362,MSE,down,MLP,MLP,0.354,False
LIHC,362,MSE,down,GONNECT-enc,GONNECT-enc,0.368,False
LIHC,362,MSE,down,GONNECT-dec,GONNECT-dec,1.219,False
LIHC,362,MSE,down,GONNECT-both,GONNECT-both,1.368,False
LIHC,362,MSE,down,GONNECT-SL-enc,GONNECT-SL-enc,0.314,False
LIHC,362,MSE,down,GONNECT-SL-dec,GONNECT-SL-dec,0.346,False
LIHC,362,MSE,down,GONNECT-SL-both,GONNECT-SL-both,0.284,False
LIHC,362,MSE,down,GONNECT-R-enc,GONNECT-DPR-enc,0.379,False
LIHC,362,MSE,down,GONNECT-R-dec,GONNECT-DPR-dec,1.576,False
LIHC,362,MSE,down,GONNECT-R-both,GONNECT-DPR-both,1.658,False
CESC,293,MSE,down,MLP,MLP,0.27,False
CESC,293,MSE,down,GONNECT-enc,GONNECT-enc,0.285,False
CESC,293,MSE,down,GONNECT-dec,GONNECT-dec,0.563,False
CESC,293,MSE,down,GONNECT-both,GONNECT-both,0.596,False
CESC,293,MSE,down,GONNECT-SL-enc,GONNECT-SL-enc,0.253,False
CESC,293,MSE,down,GONNECT-SL-dec,GONNECT-SL-dec,0.257,False
CESC,293,MSE,down,GONNECT-SL-both,GONNECT-SL-both,0.224,False
CESC,293,MSE,down,GONNECT-R-enc,GONNECT-DPR-enc,0.301,False
CESC,293,MSE,down,GONNECT-R-dec,GONNECT-DPR-dec,0.628,False
CESC,293,MSE,down,GONNECT-R-both,GONNECT-DPR-both,0.676,False
KIRP,282,MSE,down,MLP,MLP,0.22,False
KIRP,282,MSE,down,GONNECT-enc,GONNECT-enc,0.234,False
KIRP,282,MSE,down,GONNECT-dec,GONNECT-dec,0.612,False
KIRP,282,MSE,down,GONNECT-both,GONNECT-both,0.662,False
KIRP,282,MSE,down,GONNECT-SL-enc,GONNECT-SL-enc,0.205,False
KIRP,282,MSE,down,GONNECT-SL-dec,GONNECT-SL-dec,0.214,False
KIRP,282,MSE,down,GONNECT-SL-both,GONNECT-SL-both,0.186,False
KIRP,282,MSE,down,GONNECT-R-enc,GONNECT-DPR-enc,0.239,False
KIRP,282,MSE,down,GONNECT-R-dec,GONNECT-DPR-dec,0.658,False
KIRP,282,MSE,down,GONNECT-R-both,GONNECT-DPR-both,0.719,False
SARC,250,MSE,down,MLP,MLP,0.341,False
SARC,250,MSE,down,GONNECT-enc,GONNECT-enc,0.355,False
SARC,250,MSE,down,GONNECT-dec,GONNECT-dec,0.709,False
SARC,250,MSE,down,GONNECT-both,GONNECT-both,0.764,False
SARC,250,MSE,down,GONNECT-SL-enc,GONNECT-SL-enc,0.32,False
SARC,250,MSE,down,GONNECT-SL-dec,GONNECT-SL-dec,0.322,False
SARC,250,MSE,down,GONNECT-SL-both,GONNECT-SL-both,0.289,False
SARC,250,MSE,down,GONNECT-R-enc,GONNECT-DPR-enc,0.386,False
SARC,250,MSE,down,GONNECT-R-dec,GONNECT-DPR-dec,0.784,False
SARC,250,MSE,down,GONNECT-R-both,GONNECT-DPR-both,0.843,False
ESCA,180,MSE,down,MLP,MLP,0.271,False
ESCA,180,MSE,down,GONNECT-enc,GONNECT-enc,0.296,False
ESCA,180,MSE,down,GONNECT-dec,GONNECT-dec,0.659,False
ESCA,180,MSE,down,GONNECT-both,GONNECT-both,0.681,False
ESCA,180,MSE,down,GONNECT-SL-enc,GONNECT-SL-enc,0.24,False
ESCA,180,MSE,down,GONNECT-SL-dec,GONNECT-SL-dec,0.25,False
ESCA,180,MSE,down,GONNECT-SL-both,GONNECT-SL-both,0.21,False
ESCA,180,MSE,down,GONNECT-R-enc,GONNECT-DPR-enc,0.288,False
ESCA,180,MSE,down,GONNECT-R-dec,GONNECT-DPR-dec,0.715,False
ESCA,180,MSE,down,GONNECT-R-both,GONNECT-DPR-both,0.764,False
PCPG,177,MSE,down,MLP,MLP,0.273,False
PCPG,177,MSE,down,GONNECT-enc,GONNECT-enc,0.279,False
PCPG,177,MSE,down,GONNECT-dec,GONNECT-dec,0.903,False
PCPG,177,MSE,down,GONNECT-both,GONNECT-both,1.041,False
PCPG,177,MSE,down,GONNECT-SL-enc,GONNECT-SL-enc,0.244,False
PCPG,177,MSE,down,GONNECT-SL-dec,GONNECT-SL-dec,0.258,False
PCPG,177,MSE,down,GONNECT-SL-both,GONNECT-SL-both,0.211,False
PCPG,177,MSE,down,GONNECT-R-enc,GONNECT-DPR-enc,0.278,False
PCPG,177,MSE,down,GONNECT-R-dec,GONNECT-DPR-dec,1.125,False
PCPG,177,MSE,down,GONNECT-R-both,GONNECT-DPR-both,1.241,False
PAAD,173,MSE,down,MLP,MLP,0.322,False
PAAD,173,MSE,down,GONNECT-enc,GONNECT-enc,0.304,False
PAAD,173,MSE,down,GONNECT-dec,GONNECT-dec,1.452,False
PAAD,173,MSE,down,GONNECT-both,GONNECT-both,1.547,False
PAAD,173,MSE,down,GONNECT-SL-enc,GONNECT-SL-enc,0.28,False
PAAD,173,MSE,down,GONNECT-SL-dec,GONNECT-SL-dec,0.293,False
PAAD,173,MSE,down,GONNECT-SL-both,GONNECT-SL-both,0.25,False
PAAD,173,MSE,down,GONNECT-R-enc,GONNECT-DPR-enc,0.327,False
PAAD,173,MSE,down,GONNECT-R-dec,GONNECT-DPR-dec,1.497,False
PAAD,173,MSE,down,GONNECT-R-both,GONNECT-DPR-both,1.58,False
READ,148,MSE,down,MLP,MLP,0.175,False
READ,148,MSE,down,GONNECT-enc,GONNECT-enc,0.173,False
READ,148,MSE,down,GONNECT-dec,GONNECT-dec,0.531,False
READ,148,MSE,down,GONNECT-both,GONNECT-both,0.555,False
READ,148,MSE,down,GONNECT-SL-enc,GONNECT-SL-enc,0.162,False
READ,148,MSE,down,GONNECT-SL-dec,GONNECT-SL-dec,0.173,False
READ,148,MSE,down,GONNECT-SL-both,GONNECT-SL-both,0.144,False
READ,148,MSE,down,GONNECT-R-enc,GONNECT-DPR-enc,0.193,False
READ,148,MSE,down,GONNECT-R-dec,GONNECT-DPR-dec,0.556,False
READ,148,MSE,down,GONNECT-R-both,GONNECT-DPR-both,0.601,False
TGCT,138,MSE,down,MLP,MLP,0.278,False
TGCT,138,MSE,down,GONNECT-enc,GONNECT-enc,0.287,False
TGCT,138,MSE,down,GONNECT-dec,GONNECT-dec,1.525,False
TGCT,138,MSE,down,GONNECT-both,GONNECT-both,1.537,False
TGCT,138,MSE,down,GONNECT-SL-enc,GONNECT-SL-enc,0.228,False
TGCT,138,MSE,down,GONNECT-SL-dec,GONNECT-SL-dec,0.254,False
TGCT,138,MSE,down,GONNECT-SL-both,GONNECT-SL-both,0.207,False
TGCT,138,MSE,down,GONNECT-R-enc,GONNECT-DPR-enc,0.266,False
TGCT,138,MSE,down,GONNECT-R-dec,GONNECT-DPR-dec,1.63,False
TGCT,138,MSE,down,GONNECT-R-both,GONNECT-DPR-both,1.678,False
LAML,137,MSE,down,MLP,MLP,0.227,False
LAML,137,MSE,down,GONNECT-enc,GONNECT-enc,0.222,False
LAML,137,MSE,down,GONNECT-dec,GONNECT-dec,1.252,False
LAML,137,MSE,down,GONNECT-both,GONNECT-both,1.472,False
LAML,137,MSE,down,GONNECT-SL-enc,GONNECT-SL-enc,0.198,False
LAML,137,MSE,down,GONNECT-SL-dec,GONNECT-SL-dec,0.232,False
LAML,137,MSE,down,GONNECT-SL-both,GONNECT-SL-both,0.198,False
LAML,137,MSE,down,GONNECT-R-enc,GONNECT-DPR-enc,0.224,False
LAML,137,MSE,down,GONNECT-R-dec,GONNECT-DPR-dec,1.39,False
LAML,137,MSE,down,GONNECT-R-both,GONNECT-DPR-both,1.57,False
THYM,119,MSE,down,MLP,MLP,0.246,False
THYM,119,MSE,down,GONNECT-enc,GONNECT-enc,0.257,False
THYM,119,MSE,down,GONNECT-dec,GONNECT-dec,0.959,False
THYM,119,MSE,down,GONNECT-both,GONNECT-both,1.03,False
THYM,119,MSE,down,GONNECT-SL-enc,GONNECT-SL-enc,0.215,False
THYM,119,MSE,down,GONNECT-SL-dec,GONNECT-SL-dec,0.231,False
THYM,119,MSE,down,GONNECT-SL-both,GONNECT-SL-both,0.205,False
THYM,119,MSE,down,GONNECT-R-enc,GONNECT-DPR-enc,0.259,False
THYM,119,MSE,down,GONNECT-R-dec,GONNECT-DPR-dec,1.04,False
THYM,119,MSE,down,GONNECT-R-both,GONNECT-DPR-both,1.103,False
MESO,87,MSE,down,MLP,MLP,0.286,False
MESO,87,MSE,down,GONNECT-enc,GONNECT-enc,0.293,False
MESO,87,MSE,down,GONNECT-dec,GONNECT-dec,0.635,False
MESO,87,MSE,down,GONNECT-both,GONNECT-both,0.672,False
MESO,87,MSE,down,GONNECT-SL-enc,GONNECT-SL-enc,0.259,False
MESO,87,MSE,down,GONNECT-SL-dec,GONNECT-SL-dec,0.264,False
MESO,87,MSE,down,GONNECT-SL-both,GONNECT-SL-both,0.243,False
MESO,87,MSE,down,GONNECT-R-enc,GONNECT-DPR-enc,0.316,False
MESO,87,MSE,down,GONNECT-R-dec,GONNECT-DPR-dec,0.667,False
MESO,87,MSE,down,GONNECT-R-both,GONNECT-DPR-both,0.714,False
UVM,77,MSE,down,MLP,MLP,0.234,False
UVM,77,MSE,down,GONNECT-enc,GONNECT-enc,0.229,False
UVM,77,MSE,down,GONNECT-dec,GONNECT-dec,0.78,False
UVM,77,MSE,down,GONNECT-both,GONNECT-both,0.926,False
UVM,77,MSE,down,GONNECT-SL-enc,GONNECT-SL-enc,0.194,False
UVM,77,MSE,down,GONNECT-SL-dec,GONNECT-SL-dec,0.224,False
UVM,77,MSE,down,GONNECT-SL-both,GONNECT-SL-both,0.177,False
UVM,77,MSE,down,GONNECT-R-enc,GONNECT-DPR-enc,0.259,False
UVM,77,MSE,down,GONNECT-R-dec,GONNECT-DPR-dec,0.916,False
UVM,77,MSE,down,GONNECT-R-both,GONNECT-DPR-both,1.008,False
ACC,76,MSE,down,MLP,MLP,0.411,False
ACC,76,MSE,down,GONNECT-enc,GONNECT-enc,0.427,False
ACC,76,MSE,down,GONNECT-dec,GONNECT-dec,1.263,False
ACC,76,MSE,down,GONNECT-both,GONNECT-both,1.393,False
ACC,76,MSE,down,GONNECT-SL-enc,GONNECT-SL-enc,0.373,False
ACC,76,MSE,down,GONNECT-SL-dec,GONNECT-SL-dec,0.387,False
ACC,76,MSE,down,GONNECT-SL-both,GONNECT-SL-both,0.35,False
ACC,76,MSE,down,GONNECT-R-enc,GONNECT-DPR-enc,0.429,False
ACC,76,MSE,down,GONNECT-R-dec,GONNECT-DPR-dec,1.292,False
ACC,76,MSE,down,GONNECT-R-both,GONNECT-DPR-both,1.432,False
KICH,65,MSE,down,MLP,MLP,0.312,False
KICH,65,MSE,down,GONNECT-enc,GONNECT-enc,0.315,False
KICH,65,MSE,down,GONNECT-dec,GONNECT-dec,0.913,False
KICH,65,MSE,down,GONNECT-both,GONNECT-both,0.974,False
KICH,65,MSE,down,GONNECT-SL-enc,GONNECT-SL-enc,0.307,False
KICH,65,MSE,down,GONNECT-SL-dec,GONNECT-SL-dec,0.304,False
KICH,65,MSE,down,GONNECT-SL-both,GONNECT-SL-both,0.267,False
KICH,65,MSE,down,GONNECT-R-enc,GONNECT-DPR-enc,0.331,False
KICH,65,MSE,down,GONNECT-R-dec,GONNECT-DPR-dec,0.98,False
KICH,65,MSE,down,GONNECT-R-both,GONNECT-DPR-both,1.087,False
UCS,53,MSE,down,MLP,MLP,0.402,False
UCS,53,MSE,down,GONNECT-enc,GONNECT-enc,0.35,False
UCS,53,MSE,down,GONNECT-dec,GONNECT-dec,0.646,False
UCS,53,MSE,down,GONNECT-both,GONNECT-both,0.674,False
UCS,53,MSE,down,GONNECT-SL-enc,GONNECT-SL-enc,0.365,False
UCS,53,MSE,down,GONNECT-SL-dec,GONNECT-SL-dec,0.361,False
UCS,53,MSE,down,GONNECT-SL-both,GONNECT-SL-both,0.304,False
UCS,53,MSE,down,GONNECT-R-enc,GONNECT-DPR-enc,0.396,False
UCS,53,MSE,down,GONNECT-R-dec,GONNECT-DPR-dec,0.693,False
UCS,53,MSE,down,GONNECT-R-both,GONNECT-DPR-both,0.753,False
DLBC,45,MSE,down,MLP,MLP,0.268,False
DLBC,45,MSE,down,GONNECT-enc,GONNECT-enc,0.267,False
DLBC,45,MSE,down,GONNECT-dec,GONNECT-dec,0.638,False
DLBC,45,MSE,down,GONNECT-both,GONNECT-both,0.707,False
DLBC,45,MSE,down,GONNECT-SL-enc,GONNECT-SL-enc,0.222,False
DLBC,45,MSE,down,GONNECT-SL-dec,GONNECT-SL-dec,0.215,False
DLBC,45,MSE,down,GONNECT-SL-both,GONNECT-SL-both,0.211,False
DLBC,45,MSE,down,GONNECT-R-enc,GONNECT-DPR-enc,0.261,False
DLBC,45,MSE,down,GONNECT-R-dec,GONNECT-DPR-dec,0.692,False
DLBC,45,MSE,down,GONNECT-R-both,GONNECT-DPR-both,0.769,False
CHOL,35,MSE,down,MLP,MLP,0.421,False
CHOL,35,MSE,down,GONNECT-enc,GONNECT-enc,0.46,False
CHOL,35,MSE,down,GONNECT-dec,GONNECT-dec,0.77,False
CHOL,35,MSE,down,GONNECT-both,GONNECT-both,0.813,False
CHOL,35,MSE,down,GONNECT-SL-enc,GONNECT-SL-enc,0.413,False
CHOL,35,MSE,down,GONNECT-SL-dec,GONNECT-SL-dec,0.432,False
CHOL,35,MSE,down,GONNECT-SL-both,GONNECT-SL-both,0.374,False
CHOL,35,MSE,down,GONNECT-R-enc,GONNECT-DPR-enc,0.447,False
CHOL,35,MSE,down,GONNECT-R-dec,GONNECT-DPR-dec,0.847,False
CHOL,35,MSE,down,GONNECT-R-both,GONNECT-DPR-both,0.915,False
